image,mean_brightness,contrast_std,median,min,max,p5,p95,skewness,kurtosis,dark_ratio,bright_ratio,entropy,edge_count,edge_density,label
IMG_20180513_164959951_HDR resized_448.jpg,122.10081481933594,30.727238591756684,120.0,23.0,246.0,74.0,177.0,0.3079595815715342,-0.007342215302390542,0.0029449462890625,0.0092315673828125,6.971862428516129,14780,0.22552490234375,1
IMG_20180513_165129852_HDR resized_448.jpg,131.82595825195312,23.529471525529807,133.0,2.0,245.0,91.0,168.0,-0.30098368405720555,1.088592598950659,0.0025177001953125,0.00347900390625,6.569990031090729,8763,0.1337127685546875,1
IMG_20180513_165150613_HDR resized_448.jpg,121.17170715332031,29.188682196818977,120.0,3.0,242.0,74.0,174.0,0.09177142152528997,0.8922643729986417,0.012359619140625,0.0063934326171875,6.860952790807253,10809,0.1649322509765625,1
IMG_20180513_165345878_HDR resized_448.jpg,130.11871337890625,24.924452015174086,131.0,19.0,253.0,88.0,169.0,-0.09167564744831802,0.4921735043427544,0.0014495849609375,0.003662109375,6.674228735520584,12873,0.1964263916015625,1
IMG_20180513_165349788_HDR resized_448.jpg,131.08383178710938,25.470918543895337,132.0,14.0,253.0,88.0,170.0,-0.04409877079710056,0.8954722160600301,0.002105712890625,0.005523681640625,6.69722189630435,11593,0.1768951416015625,1
IMG_20180513_165353081_HDR resized_448.jpg,136.03167724609375,26.377801751909075,138.0,2.0,252.0,90.0,174.0,-0.5162253694771118,2.0110695721421212,0.006744384765625,0.0079193115234375,6.699973831668273,9671,0.1475677490234375,1
IMG_20180513_165451567_HDR resized_448.jpg,129.53631591796875,22.39605151121005,132.0,7.0,248.0,90.0,160.0,-0.06014781924538505,1.8871909918823526,0.0007781982421875,0.005706787109375,6.460608187168499,6252,0.09539794921875,1
IMG_20180513_165455803_HDR resized_448.jpg,123.32785034179688,22.182977713493923,125.0,13.0,252.0,85.0,154.0,0.06679968492534169,2.777039830095922,0.0023040771484375,0.004852294921875,6.435586795350654,6760,0.1031494140625,1
IMG_20180513_165500303_HDR resized_448.jpg,125.12644958496094,20.473844305933266,127.0,18.0,250.0,89.0,153.0,-0.061689883061264356,2.592350430288085,0.0009918212890625,0.0037994384765625,6.323367136609776,3678,0.056121826171875,1
IMG_20180513_165512488_HDR resized_448.jpg,128.9718475341797,29.168143491963452,131.0,13.0,250.0,76.0,173.0,-0.2797323330224502,0.48977407981505117,0.0071563720703125,0.005340576171875,6.883020439482325,9473,0.1445465087890625,1
IMG_20180513_165515651_HDR resized_448.jpg,125.15031433105469,25.314855170358282,126.0,13.0,250.0,82.0,166.0,-0.061153882527245865,0.954632857370866,0.0037689208984375,0.0033111572265625,6.682206453803847,7173,0.1094512939453125,1
IMG_20180513_165521775_HDR resized_448.jpg,125.30667114257812,23.42174357196609,126.0,5.0,250.0,85.0,163.0,-0.08360506436010412,1.2781614184502672,0.00250244140625,0.0022430419921875,6.559521329260123,4448,0.06787109375,1
IMG_20180513_165533492_HDR resized_448.jpg,126.38900756835938,22.550763535880826,128.0,16.0,249.0,87.0,160.0,-0.21506236385086813,0.9341829822360426,0.001220703125,0.00213623046875,6.510118669015922,6899,0.1052703857421875,1
IMG_20180513_165538350_HDR resized_448.jpg,123.01766967773438,25.60485391451513,123.0,8.0,249.0,81.0,165.0,0.07441786523712199,1.1794307388531378,0.0050201416015625,0.004058837890625,6.696661623618764,8453,0.1289825439453125,1
IMG_20180513_165547907_HDR resized_448.jpg,120.40658569335938,22.196009632173382,119.0,22.0,251.0,87.0,158.0,0.4615215833644712,1.4391755512174997,0.001007080078125,0.0029144287109375,6.484594349949896,1865,0.0284576416015625,1
IMG_20180513_165706718_HDR resized_448.jpg,129.15005493164062,25.1065777430669,131.0,18.0,249.0,86.0,168.0,-0.17073383848722687,0.5391814244900575,0.00177001953125,0.002899169921875,6.678684001491034,12576,0.19189453125,1
IMG_20180513_165710583_HDR resized_448.jpg,129.99208068847656,27.289075609328606,132.0,2.0,251.0,81.0,170.0,-0.39816525663774116,0.7501591449465446,0.00604248046875,0.0034332275390625,6.78360829314454,13030,0.198822021484375,1
IMG_20180513_165717627_HDR resized_448.jpg,123.35957336425781,23.31568200654415,123.0,18.0,254.0,87.0,162.0,0.6170244280504146,2.574869808182676,0.001068115234375,0.0069122314453125,6.523287200246532,2509,0.0382843017578125,1
IMG_20180513_165733359_HDR resized_448.jpg,126.55250549316406,22.818952870728907,127.0,22.0,247.0,89.0,163.0,-0.002869633912497213,0.7929895744618625,0.0013885498046875,0.00201416015625,6.544989566550324,7926,0.120941162109375,1
IMG_20180513_165741688_HDR resized_448.jpg,124.90202331542969,22.529223606603733,125.0,19.0,248.0,88.0,161.0,0.014080621005113841,0.8608527597116327,0.0017852783203125,0.0017547607421875,6.525824873670395,5915,0.0902557373046875,1
IMG_20180513_165749116_HDR resized_448.jpg,128.0928192138672,22.178294463535977,129.0,15.0,251.0,91.0,162.0,-0.16864356432996686,0.6000469524296221,0.0010986328125,0.00146484375,6.501332102794756,5523,0.0842742919921875,1
IMG_20180513_170350654_HDR resized_448.jpg,129.5150909423828,19.29907750709308,132.0,3.0,237.0,94.0,156.0,-0.5320926825526329,1.467406469498191,0.0008087158203125,0.001251220703125,6.254278088942837,2995,0.0457000732421875,1
IMG_20180513_170357440_HDR resized_448.jpg,130.93621826171875,17.77582976359734,133.0,21.0,245.0,98.0,155.0,-0.6918161508746122,1.9284976956703046,0.0004730224609375,0.0009307861328125,6.106165995894365,747,0.0113983154296875,1
IMG_20180513_170406108_HDR resized_448.jpg,125.63282775878906,20.241166713680965,127.0,13.0,252.0,91.0,152.0,0.08338955444093138,3.7641315219184133,0.0020904541015625,0.0052947998046875,6.272330597303596,913,0.0139312744140625,1
IMG_20180513_170430826_HDR resized_448.jpg,126.40249633789062,16.84990310034314,126.0,30.0,250.0,99.0,154.0,0.3091169988002073,2.542712123005993,0.000152587890625,0.0015869140625,6.080018173304937,1256,0.0191650390625,1
IMG_20180513_170453882_HDR resized_448.jpg,115.23065185546875,18.327349672296627,115.0,33.0,248.0,86.0,145.0,0.4547665431493661,2.6062930498641412,0.000244140625,0.0018768310546875,6.201669405652568,2215,0.0337982177734375,1
IMG_20180513_170500983_HDR resized_448.jpg,112.9947509765625,17.29363898242338,113.0,27.0,250.0,85.0,141.0,0.3791370732145486,2.7374535294463582,0.0005340576171875,0.001007080078125,6.112668188566138,1480,0.0225830078125,1
IMG_20180513_170515937_HDR resized_448.jpg,116.3843994140625,18.542092851275235,117.0,32.0,252.0,86.0,145.0,0.28868713516851224,2.431703693780779,0.0001068115234375,0.001495361328125,6.222879919736429,4129,0.0630035400390625,1
IMG_20180513_170526931_HDR resized_448.jpg,116.19120788574219,19.56338644203919,116.0,1.0,251.0,86.0,144.0,0.33279317467859704,5.406163551012806,0.00360107421875,0.003326416015625,6.210737370673042,2021,0.0308380126953125,1
IMG_20180513_170535927_HDR resized_448.jpg,111.77212524414062,18.47863233252933,111.0,9.0,252.0,83.0,140.0,0.6319352074983228,5.284170839241774,0.002197265625,0.0027313232421875,6.1644611598496875,2121,0.0323638916015625,1
IMG_20180513_170700279_HDR resized_448.jpg,118.21260070800781,20.139845717722892,118.0,24.0,245.0,85.0,151.0,0.2419471398642014,1.4623308178118597,0.0006561279296875,0.0012969970703125,6.341791005259428,6123,0.0934295654296875,1
IMG_20180513_170710091_HDR resized_448.jpg,119.29624938964844,24.712994684866707,120.0,4.0,245.0,78.0,158.0,-0.0198947912321617,0.828450699336913,0.0045166015625,0.002410888671875,6.6570815778663945,12100,0.18463134765625,1
IMG_20180513_170718753_HDR resized_448.jpg,120.13394165039062,25.39915609690747,121.0,11.0,250.0,76.0,160.0,-0.1302744086548688,0.2556062871640208,0.004058837890625,0.0014801025390625,6.703688417257182,13426,0.204864501953125,1
IMG_20180513_170728853_HDR resized_448.jpg,119.85612487792969,22.109726422185727,121.0,12.0,248.0,83.0,154.0,-0.08262318008225882,1.251804069094855,0.0031890869140625,0.001678466796875,6.487075365293736,4993,0.0761871337890625,1
IMG_20180513_170746398_HDR resized_448.jpg,124.06671142578125,23.30774837478874,125.0,15.0,247.0,85.0,161.0,-0.10261256465128316,0.5073505208512756,0.001953125,0.001312255859375,6.580067886311472,6791,0.1036224365234375,1
IMG_20180513_170844630_HDR resized_448.jpg,110.35281372070312,36.8134019913897,110.0,12.0,253.0,52.0,171.0,0.10672520317771997,-0.6824011419203191,0.0377960205078125,0.003662109375,7.206881858599641,19901,0.3036651611328125,1
IMG_20180514_164920326_HDR resized_448.jpg,117.31608581542969,23.861029817090646,117.0,14.0,248.0,78.0,156.0,0.09000113475334462,1.0862857153099688,0.004608154296875,0.0026092529296875,6.601911145450176,7282,0.111114501953125,1
IMG_20180514_164936208_HDR resized_448.jpg,125.21109008789062,29.50909329706741,126.0,10.0,250.0,76.0,171.0,-0.04850231964107655,0.5197213384036568,0.008056640625,0.0082244873046875,6.915732654776608,10871,0.1658782958984375,1
IMG_20180514_164944000_HDR resized_448.jpg,132.61065673828125,31.961450129693954,137.0,1.0,250.0,70.0,176.0,-0.66487232915759,0.9433713161021093,0.0165252685546875,0.00885009765625,6.950339668047187,9509,0.1450958251953125,1
IMG_20180514_164949995_HDR resized_448.jpg,126.85745239257812,29.39462970297348,129.0,7.0,250.0,75.0,170.0,-0.28831011851368177,0.5193774535550828,0.010223388671875,0.0065460205078125,6.89913268453428,8395,0.1280975341796875,1
IMG_20180514_164955695_HDR resized_448.jpg,122.77369689941406,35.00967419546883,125.0,2.0,251.0,63.0,177.0,-0.06619237867354043,0.3283381588568335,0.021636962890625,0.0159149169921875,7.154893545468406,15493,0.2364044189453125,1
IMG_20180514_165008040_HDR resized_448.jpg,113.24005126953125,26.712333474732983,113.0,5.0,253.0,70.0,155.0,0.32560303777930205,2.095974779849575,0.0118255615234375,0.006591796875,6.7318597686661334,8523,0.1300506591796875,1
IMG_20180514_165031728_HDR resized_448.jpg,117.45674133300781,28.802213902066388,117.0,6.0,250.0,72.0,165.0,0.16239054605590955,0.35574493481023106,0.0088348388671875,0.0041046142578125,6.886596857930729,13996,0.21356201171875,1
IMG_20180514_165039112_HDR resized_448.jpg,114.69456481933594,28.47238885738112,113.0,11.0,248.0,71.0,165.0,0.4230951318083822,0.7772645109276621,0.0079345703125,0.0057525634765625,6.851206967178591,13622,0.207855224609375,1
IMG_20180514_165050302_HDR resized_448.jpg,126.33021545410156,32.20752629228346,127.0,3.0,253.0,71.0,177.0,-0.1312583672058779,0.5543012204239033,0.0146026611328125,0.010650634765625,7.040468878000666,16425,0.2506256103515625,1
IMG_20180514_165115894_HDR resized_448.jpg,118.76252746582031,33.00776609070114,117.0,1.0,253.0,67.0,175.0,0.23673496896135832,0.5194525121314784,0.0164642333984375,0.012451171875,7.074967967756452,13798,0.210540771484375,1
IMG_20180514_165152754_HDR resized_448.jpg,122.85130310058594,27.889269801611256,123.0,7.0,249.0,79.0,169.0,0.08801113661211729,0.6368876555326346,0.0075531005859375,0.0060882568359375,6.832167019744316,10132,0.15460205078125,1
IMG_20180514_165211442_HDR resized_448.jpg,126.48846435546875,34.0404949884371,127.0,4.0,251.0,71.0,183.0,0.009093955176460913,0.11763941771997777,0.012847900390625,0.01727294921875,7.131344837997814,16826,0.256744384765625,1
IMG_20180514_165217078_HDR resized_448.jpg,124.76545715332031,31.8014819878075,125.0,3.0,254.0,73.0,176.0,-0.08769506645951038,0.41577883823836714,0.012786865234375,0.009918212890625,7.028684081411365,16144,0.246337890625,1
IMG_20180514_165228668_HDR resized_448.jpg,136.73828125,31.059724679919217,137.0,1.0,254.0,86.0,186.0,-0.3007057914241802,1.5982926505641322,0.0111083984375,0.022247314453125,6.953506549646125,17325,0.2643585205078125,1
IMG_20180514_165245540_HDR resized_448.jpg,132.09400939941406,29.86222325016647,132.0,2.0,252.0,83.0,181.0,-0.10690218018413988,1.0054881428893072,0.0093841552734375,0.0155181884765625,6.9190956297369635,15841,0.2417144775390625,1
IMG_20180514_165251954_HDR resized_448.jpg,130.58526611328125,26.98526037564745,130.0,1.0,253.0,87.0,175.0,-0.1588181966445883,1.7735482684194919,0.0086822509765625,0.0100860595703125,6.7381935345562125,11403,0.1739959716796875,1
IMG_20180514_165259100 resized_448.jpg,136.6967010498047,29.767175240236405,136.0,17.0,253.0,87.0,188.0,0.03452434218047723,0.8097126544268125,0.0045318603515625,0.0251312255859375,6.907883881380344,14955,0.2281951904296875,1
IMG_20180514_165302026_HDR resized_448.jpg,130.10769653320312,28.445627347229294,129.0,3.0,252.0,83.0,179.0,0.009900020579723959,1.301983677430698,0.0080413818359375,0.01409912109375,6.824129133604698,13930,0.212554931640625,1
IMG_20180514_165307482_HDR resized_448.jpg,128.10304260253906,27.175685278962913,127.0,2.0,254.0,85.0,176.0,0.1303177924167343,1.0656773510993336,0.0056304931640625,0.009521484375,6.7694673850806755,14676,0.22393798828125,1
IMG_20180514_165340357_HDR resized_448.jpg,130.33045959472656,27.98692295327903,129.0,5.0,254.0,85.0,177.0,0.09949237867942498,1.4615579305984898,0.0066070556640625,0.0107879638671875,6.804119094513903,13747,0.2097625732421875,1
IMG_20180514_165358823_HDR resized_448.jpg,130.9682159423828,35.06433792466315,129.0,2.0,253.0,75.0,192.0,0.13277040153612507,0.3891285787520733,0.01287841796875,0.03106689453125,7.160929208945513,20311,0.3099212646484375,1
IMG_20180514_165411841_HDR resized_448.jpg,129.7727508544922,36.57744056104479,128.0,3.0,251.0,71.0,194.0,0.13391629208478345,0.208831315558351,0.0146484375,0.0355224609375,7.226686496983778,20022,0.305511474609375,1
IMG_20180514_165427375_HDR resized_448.jpg,134.38645935058594,30.22432385619072,134.0,4.0,253.0,84.0,185.0,-0.1111831208340624,0.6827532046187104,0.0073699951171875,0.01806640625,6.94232218699897,17810,0.271759033203125,1
IMG_20180514_165444055_HDR resized_448.jpg,133.76390075683594,26.67014717682507,134.0,12.0,248.0,89.0,178.0,-0.08426941608515283,0.6868633321722548,0.00286865234375,0.0086669921875,6.76607298948473,14943,0.2280120849609375,1
IMG_20180514_165457873_HDR resized_448.jpg,133.00848388671875,32.47844492599323,132.0,5.0,250.0,80.0,187.0,-0.0563372527732342,0.517499888779779,0.010345458984375,0.0218963623046875,7.053359011536597,19377,0.2956695556640625,1
IMG_20180514_165505511_HDR resized_448.jpg,131.87060546875,33.508520320319064,133.0,7.0,249.0,74.0,187.0,-0.1423285759704762,0.24180258436100743,0.0125579833984375,0.01971435546875,7.101469950919023,18809,0.2870025634765625,1
IMG_20180514_165529728_HDR resized_448.jpg,125.73214721679688,27.68703875010492,124.0,7.0,252.0,84.0,175.0,0.2980331578447858,1.0351079079373067,0.005828857421875,0.01043701171875,6.790765037109565,14490,0.221099853515625,1
IMG_20180514_165535720_HDR resized_448.jpg,126.1240234375,25.833416663825062,124.0,6.0,251.0,88.0,173.0,0.39166978713297773,0.9272020283644267,0.00299072265625,0.007568359375,6.696402108017212,14148,0.21588134765625,1
IMG_20180514_165710828_HDR resized_448.jpg,132.44883728027344,32.68380137570207,132.0,1.0,253.0,79.0,187.0,-0.16611224841046898,0.6737810374133302,0.0118255615234375,0.0189361572265625,7.057672305731446,19657,0.2999420166015625,1
IMG_20180514_165717791_HDR resized_448.jpg,138.43325805664062,31.45443871612702,139.0,1.0,252.0,87.0,189.0,-0.40718759742546273,1.2862770101442038,0.0119781494140625,0.021728515625,6.9800333860370305,19201,0.2929840087890625,1
IMG_20180514_165724162_HDR resized_448.jpg,136.75498962402344,33.01780933777207,138.0,3.0,252.0,81.0,190.0,-0.3523733425991278,0.853695031574957,0.0139312744140625,0.0240936279296875,7.059962892389253,19125,0.2918243408203125,1
IMG_20180514_165731332_HDR resized_448.jpg,140.73622131347656,37.30566651567238,141.0,0.0,255.0,79.0,202.0,-0.2803520111991532,1.0182594638063875,0.0177154541015625,0.0546722412109375,7.222178188716343,18777,0.2865142822265625,1
IMG_20180514_165740460_HDR resized_448.jpg,128.88787841796875,30.122120859577066,127.0,4.0,254.0,83.0,183.0,0.2420580897135458,0.8232517038873297,0.0068511962890625,0.0166168212890625,6.924188708044563,17534,0.267547607421875,1
IMG_20180514_165746314_HDR resized_448.jpg,138.70770263671875,34.06012497805829,138.0,0.0,252.0,84.0,196.0,-0.2493896230351812,1.1125104403765986,0.0140228271484375,0.0386505126953125,7.090079434032877,18733,0.2858428955078125,1
IMG_20180514_165751038_HDR resized_448.jpg,139.5066680908203,32.72928647754994,140.0,1.0,250.0,84.0,193.0,-0.47195118132761793,1.484113357641796,0.015380859375,0.0294952392578125,7.011707063323721,16663,0.2542572021484375,1
IMG_20180514_165757436_HDR resized_448.jpg,140.87490844726562,32.266720835717926,141.0,2.0,253.0,88.0,195.0,-0.3114740719782442,1.3445698087585543,0.0114898681640625,0.0355072021484375,7.0048657825874345,17789,0.2714385986328125,1
IMG_20180514_165811955_HDR resized_448.jpg,135.7455291748047,35.40904235657704,136.0,0.0,251.0,75.0,194.0,-0.2645902657569337,0.6036454136608591,0.016448974609375,0.0340728759765625,7.1662982823438925,18742,0.285980224609375,1
IMG_20180514_165823466_HDR resized_448.jpg,141.91156005859375,38.38626527770726,143.0,1.0,253.0,73.0,203.0,-0.42117431498021796,0.7616623516317436,0.0213470458984375,0.058837890625,7.266081238106516,18595,0.2837371826171875,1
IMG_20180514_165831579_HDR resized_448.jpg,138.53585815429688,31.97915250067644,141.0,1.0,247.0,81.0,188.0,-0.5140883212721116,1.031056807463525,0.012908935546875,0.020660400390625,6.995565731081429,17823,0.2719573974609375,1
IMG_20180514_165837194_HDR resized_448.jpg,140.5504608154297,33.109000117259654,143.0,3.0,250.0,79.0,191.0,-0.6260553996102443,1.0847687342296908,0.01568603515625,0.024261474609375,7.033152945635884,17787,0.2714080810546875,1
IMG_20180514_165847101_HDR resized_448.jpg,139.73899841308594,33.479231717868,142.0,2.0,253.0,79.0,191.0,-0.6367431405401093,1.2255205135905758,0.01690673828125,0.02410888671875,7.048784537746167,17300,0.26397705078125,1
IMG_20180514_170008541_HDR resized_448.jpg,143.68128967285156,33.50883028111282,144.0,0.0,254.0,90.0,197.0,-0.6961647878955715,2.677600477239494,0.0195770263671875,0.04095458984375,6.976267825685041,15353,0.2342681884765625,1
IMG_20180514_170015428_HDR resized_448.jpg,140.77545166015625,36.180942089375094,143.0,0.0,253.0,72.0,197.0,-0.744986321943675,1.69158641592127,0.0260467529296875,0.0390167236328125,7.108552619014646,15650,0.238800048828125,1
IMG_20180514_170026184_HDR resized_448.jpg,131.9898681640625,29.785028758041932,131.0,1.0,252.0,87.0,183.0,-0.05291178233772047,1.5389609856512863,0.011138916015625,0.0176849365234375,6.882255240163822,16664,0.2542724609375,1
IMG_20180514_170032562_HDR resized_448.jpg,123.77316284179688,30.46335384878294,120.0,2.0,252.0,80.0,180.0,0.44863317600605584,0.8283548469866817,0.0067596435546875,0.015655517578125,6.921630994630083,17282,0.263702392578125,1
IMG_20180514_170039467_HDR resized_448.jpg,123.2119140625,29.570874679240536,120.0,2.0,253.0,81.0,177.0,0.2819074009727918,0.7987805159021462,0.008636474609375,0.0099029541015625,6.879670693544867,17480,0.2667236328125,1
IMG_20180514_170051550_HDR resized_448.jpg,145.95277404785156,34.51689217283281,146.0,1.0,254.0,88.0,202.0,-0.6322965467579801,2.293684159315771,0.0187530517578125,0.0532379150390625,7.0295536039849615,17223,0.2628021240234375,1
IMG_20180514_170055705_HDR resized_448.jpg,136.5077667236328,29.461408827280483,135.0,3.0,252.0,93.0,187.0,-0.2912019530348065,1.8598788357827472,0.0121917724609375,0.0196990966796875,6.831126259459014,15771,0.2406463623046875,1
IMG_20180514_170100812_HDR resized_448.jpg,136.78929138183594,30.134003321821023,136.0,3.0,246.0,88.0,187.0,-0.31192847463153783,1.4274492286624296,0.0117034912109375,0.0194549560546875,6.894454424950729,15585,0.2378082275390625,1
IMG_20180514_170105907_HDR resized_448.jpg,130.56021118164062,30.431023419878333,129.0,8.0,248.0,82.0,184.0,0.09057938328053596,0.5426141907251809,0.0076446533203125,0.0159759521484375,6.944765274292861,16390,0.250091552734375,1
IMG_20180514_170122537_HDR resized_448.jpg,134.40579223632812,31.891476756214754,133.0,2.0,253.0,83.0,191.0,-0.025603582010105937,0.8292509281147815,0.010101318359375,0.027313232421875,6.993499145991482,16761,0.2557525634765625,1
IMG_20180514_170137161_HDR resized_448.jpg,123.48719787597656,32.38433285291325,121.0,2.0,254.0,74.0,181.0,0.3027756512121775,0.6166006002779496,0.0101776123046875,0.0166168212890625,7.0341666605037005,17551,0.2678070068359375,1
IMG_20180514_170144972_HDR resized_448.jpg,120.67472839355469,28.379120833552275,116.0,7.0,247.0,81.0,175.0,0.5865126999829071,0.8053154718088997,0.004486083984375,0.0089111328125,6.797765629002827,16318,0.248992919921875,1
IMG_20180514_170158322_HDR resized_448.jpg,130.1333465576172,33.2414002010069,129.0,4.0,249.0,78.0,188.0,0.056779286433083095,0.25531071985707987,0.010467529296875,0.021484375,7.086975265483238,18164,0.27716064453125,1
IMG_20180514_170217038_HDR resized_448.jpg,121.86402893066406,26.812198766849207,118.0,4.0,248.0,86.0,173.0,0.5542903779451767,1.0184141278093266,0.00494384765625,0.007568359375,6.708538861141385,14813,0.2260284423828125,1
IMG_20180514_170355485_HDR resized_448.jpg,135.14080810546875,38.79898826278987,136.0,1.0,254.0,68.0,198.0,-0.19407521965718996,0.4847728681185277,0.0230255126953125,0.0434722900390625,7.3018327334446225,18348,0.27996826171875,1
IMG_20180514_170400947 resized_448.jpg,130.37648010253906,46.94117726173624,131.0,0.0,253.0,47.0,209.0,-0.13107139109792315,-0.15489561112929184,0.0549163818359375,0.0723114013671875,7.573180088162838,18343,0.2798919677734375,1
IMG_20180514_170411390_HDR resized_448.jpg,141.5766143798828,38.26161113738667,143.0,1.0,254.0,74.0,201.0,-0.4832950277783683,0.8776541775002888,0.02362060546875,0.052886962890625,7.256197553293532,17576,0.2681884765625,1
IMG_20180514_170416728_HDR resized_448.jpg,143.65028381347656,36.72985409202043,147.0,1.0,253.0,76.0,199.0,-0.6475206008943292,1.3452048398205863,0.021453857421875,0.046630859375,7.169394863160406,17214,0.262664794921875,1
IMG_20180514_170423229_HDR resized_448.jpg,144.33059692382812,39.54496837820623,148.0,0.0,254.0,69.0,203.0,-0.6924114288853449,1.1475060190260837,0.02789306640625,0.0585784912109375,7.26954224290194,16407,0.2503509521484375,1
IMG_20180514_170638485_HDR resized_448.jpg,131.80966186523438,29.14939696068853,131.0,2.0,253.0,86.0,180.0,0.0006530383937988216,0.4694978009089934,0.0054168701171875,0.0117950439453125,6.901686455260335,16875,0.2574920654296875,1
IMG_20180514_170646586_HDR resized_448.jpg,132.24716186523438,24.066854970692425,131.0,33.0,252.0,95.0,172.0,0.20511072800524,0.6805008749782289,0.000823974609375,0.0047454833984375,6.6207581268878855,10611,0.1619110107421875,1
IMG_20180514_170703597_HDR resized_448.jpg,129.61158752441406,27.274862992355047,129.0,18.0,251.0,85.0,174.0,-0.024374967784738008,-0.21052634496258316,0.0015106201171875,0.0023651123046875,6.807300879071137,17197,0.2624053955078125,1
IMG_20180514_170708710_HDR (1) resized_448.jpg,134.2985382080078,27.424876888964935,135.0,31.0,246.0,88.0,176.0,-0.23557974392964257,-0.023682433984508755,0.000885009765625,0.003753662109375,6.80698026975328,15011,0.2290496826171875,1
IMG_20180514_170708710_HDR resized_448.jpg,134.2985382080078,27.424876888964935,135.0,31.0,246.0,88.0,176.0,-0.23557974392964257,-0.023682433984508755,0.000885009765625,0.003753662109375,6.80698026975328,15011,0.2290496826171875,1
IMG_8404 resized_448.jpg,172.28652954101562,22.36754344900707,172.0,63.0,251.0,136.0,209.0,0.003875718258123856,-0.270706264075236,0.0,0.106964111328125,6.524621014160633,11127,0.1697845458984375,1
IMG_8405 resized_448.jpg,127.561767578125,18.128793028511012,127.0,59.0,227.0,99.0,158.0,0.25539500967387063,0.2545062048077451,0.0,0.000885009765625,6.213550363605694,5829,0.0889434814453125,1
IMG_8406 resized_448.jpg,128.2650146484375,17.15597660727581,127.0,70.0,230.0,102.0,158.0,0.4041740333607511,0.5624713284711214,0.0,0.0008087158203125,6.12749979373994,3976,0.0606689453125,1
IMG_8407 resized_448.jpg,129.2177734375,20.763386625114457,129.0,49.0,234.0,97.0,164.0,0.15842943777196317,-0.1478558431820427,1.52587890625e-05,0.0008697509765625,6.412353432413261,9641,0.1471099853515625,1
IMG_8412 resized_448.jpg,149.08212280273438,31.065343596036442,148.0,60.0,247.0,99.0,203.0,0.17295280924912415,-0.3629614413828719,0.0,0.0582275390625,6.987429412651135,17664,0.26953125,1
IMG_8413 resized_448.jpg,151.2436981201172,32.98338660247373,151.0,56.0,252.0,97.0,206.0,0.021621281182754915,-0.568536938762362,0.0,0.0720367431640625,7.069403275555836,18716,0.28558349609375,1
IMG_8414 resized_448.jpg,154.7978515625,29.757898628508816,154.0,66.0,250.0,106.0,205.0,0.07165796158734655,-0.45656540959158454,0.0,0.06787109375,6.9285239259423355,15342,0.234100341796875,1
IMG_8415 resized_448.jpg,153.0069122314453,34.46272450520478,154.0,52.0,251.0,94.0,208.0,-0.08883143375905292,-0.5571580514451999,0.0,0.0868377685546875,7.1288208487483065,19463,0.2969818115234375,1
IMG_8416 resized_448.jpg,149.16969299316406,31.70217822662167,149.0,55.0,248.0,97.0,203.0,0.06984171598376471,-0.39084944815282885,0.0,0.0580596923828125,7.0201064923498215,17878,0.272796630859375,1
IMG_8417 resized_448.jpg,137.02272033691406,42.739278806532305,137.0,25.0,254.0,65.0,206.0,-0.03666841555948003,-0.6721743264842255,0.0144805908203125,0.070648193359375,7.4293941234533,20914,0.319122314453125,1
IMG_8418 resized_448.jpg,137.6791229248047,40.887714105017764,138.0,26.0,253.0,70.0,204.0,-0.03608633157008395,-0.6389383878950028,0.0104217529296875,0.06182861328125,7.370063175776034,18284,0.27899169921875,1
IMG_8419 resized_448.jpg,130.4014892578125,44.71033139145441,131.0,26.0,254.0,56.0,204.0,0.015145325443285751,-0.7238121543873071,0.0306396484375,0.0603179931640625,7.484967461379977,21430,0.326995849609375,1
IMG_8423 resized_448.jpg,133.41644287109375,14.683559166897222,133.0,71.0,249.0,110.0,157.0,0.13335313196083548,0.7977011342283866,0.0,0.00048828125,5.912913741063612,495,0.0075531005859375,1
IMG_8424 resized_448.jpg,183.091552734375,14.74207503372417,183.0,110.0,252.0,158.0,207.0,-0.13843303496407597,0.44765585175984635,0.0,0.1098175048828125,5.921271473754075,713,0.0108795166015625,1
IMG_8426 resized_448.jpg,172.11367797851562,26.59745892858612,172.0,56.0,253.0,128.0,218.0,-0.08692559502090486,0.041882861909084745,0.0,0.1434173583984375,6.76857441852786,12621,0.1925811767578125,1
IMG_8428 resized_448.jpg,168.3908233642578,27.07899697263987,170.0,57.0,254.0,122.0,211.0,-0.23177158700240988,0.014469651075843082,0.0,0.111785888671875,6.796032488745342,17100,0.26092529296875,1
IMG_8429 resized_448.jpg,123.66551208496094,52.91194419656008,126.0,24.0,252.0,41.0,206.0,-0.011985806592450195,-1.0823594766796791,0.109466552734375,0.0714111328125,7.5990579410554275,22369,0.3413238525390625,1
IMG_8430 resized_448.jpg,128.47923278808594,51.81375598902,132.0,24.0,249.0,43.0,208.0,-0.11113806608234668,-1.0147710882945948,0.0870819091796875,0.078857421875,7.5969618328280095,22513,0.3435211181640625,1
IMG_8431 resized_448.jpg,131.08578491210938,50.27118744315622,138.0,13.0,253.0,41.0,205.0,-0.2788677148166102,-0.8479383751842904,0.0818634033203125,0.06646728515625,7.5730996237164945,21883,0.3339080810546875,1
IMG_8432 resized_448.jpg,148.95494079589844,42.82917279495323,153.0,36.0,251.0,74.0,214.0,-0.2216349736309841,-0.7408354391492753,0.0020904541015625,0.11553955078125,7.405395737721058,19417,0.2962799072265625,1
IMG_8433 resized_448.jpg,146.390380859375,39.44337567043133,149.0,41.0,253.0,77.0,208.0,-0.1731412536477273,-0.553032708731263,0.0011138916015625,0.0820770263671875,7.313626128976399,21428,0.32696533203125,1
IMG_8434 resized_448.jpg,150.58750915527344,39.33158338748752,153.0,39.0,252.0,81.0,212.0,-0.19574342397414682,-0.49550533576853173,0.0008544921875,0.102813720703125,7.313626890175524,21419,0.3268280029296875,1
IMG_8435 resized_448.jpg,147.6826934814453,39.04595208300599,149.0,42.0,254.0,79.0,210.0,-0.13699569824429061,-0.5123187657128403,0.0004730224609375,0.087249755859375,7.3055424380858955,21735,0.3316497802734375,1
IMG_8436 resized_448.jpg,144.10610961914062,41.50782318166029,144.0,25.0,254.0,73.0,212.0,-0.038258784048532946,-0.5427024694112124,0.0043182373046875,0.0940093994140625,7.398091756757975,21517,0.3283233642578125,1
IMG_8437 resized_448.jpg,140.88238525390625,40.6611128976352,140.0,33.0,254.0,73.0,209.0,0.04578752391645674,-0.5169754204683659,0.00408935546875,0.0789794921875,7.3703033759648395,21009,0.3205718994140625,1
IMG_8438 resized_448.jpg,139.83554077148438,45.02331269002794,142.0,20.0,253.0,63.0,211.0,-0.13020076058858043,-0.6472667036022797,0.0203399658203125,0.0901641845703125,7.503226134518681,21442,0.327178955078125,1
IMG_8439 resized_448.jpg,145.8851776123047,42.22588295907826,147.0,32.0,252.0,73.0,213.0,-0.1332690149982339,-0.6202995314441515,0.0050048828125,0.10186767578125,7.412804464168659,21483,0.3278045654296875,1
IMG_8440 resized_448.jpg,145.42796325683594,43.551153849531964,148.0,34.0,253.0,69.0,213.0,-0.1747203797202755,-0.6523491229287925,0.0080108642578125,0.105621337890625,7.446382741497449,21337,0.3255767822265625,1
IMG_8441 resized_448.jpg,128.265625,47.66742056581662,131.0,18.0,250.0,45.0,203.0,-0.13671803143757544,-0.7179755442046716,0.0648956298828125,0.058563232421875,7.5617105543821745,21251,0.3242645263671875,1
IMG_8442 resized_448.jpg,143.3582000732422,45.67941529985077,146.0,24.0,253.0,63.0,214.0,-0.21032935280148105,-0.6157803853835118,0.0204925537109375,0.10577392578125,7.516871135645889,21537,0.3286285400390625,1
IMG_8443 resized_448.jpg,134.13710021972656,45.81500114985053,136.0,18.0,251.0,57.0,207.0,-0.09610439163765785,-0.6812128454445419,0.0307464599609375,0.0727081298828125,7.521312846837717,21176,0.3231201171875,1
IMG_8444 resized_448.jpg,153.8425750732422,40.633051870147334,157.0,46.0,254.0,80.0,216.0,-0.26896707025306044,-0.5596459447322548,0.00018310546875,0.1268463134765625,7.339943074511218,20807,0.3174896240234375,1
IMG_8445 resized_448.jpg,150.0044403076172,41.32117507649817,154.0,42.0,254.0,76.0,213.0,-0.23536557512174427,-0.6443062833920488,0.0003814697265625,0.109649658203125,7.35768855240924,20837,0.3179473876953125,1
IMG_8446 resized_448.jpg,154.55670166015625,41.593570112658725,158.0,40.0,253.0,81.0,218.0,-0.22336426425330952,-0.7247165446980928,0.0001678466796875,0.1419677734375,7.364247330589626,20554,0.313629150390625,1
IMG_8447 resized_448.jpg,146.07305908203125,42.80057682702421,149.0,33.0,251.0,75.0,212.0,-0.11214463577806018,-0.8284466355706606,0.001251220703125,0.103515625,7.40239021572355,19313,0.2946929931640625,1
IMG_8449 resized_448.jpg,124.84925842285156,43.16177769404682,114.0,41.0,254.0,70.0,208.0,0.679885613384755,-0.4076158594413588,0.00054931640625,0.0717926025390625,7.2996406633355955,12902,0.196868896484375,1
IMG_8453 resized_448.jpg,154.46006774902344,38.068906748560124,158.0,50.0,253.0,87.0,211.0,-0.2766467037209312,-0.6728700129192591,0.0,0.11065673828125,7.237615503775167,18448,0.281494140625,1
IMG_8455 resized_448.jpg,152.00177001953125,38.65397743094836,155.0,38.0,252.0,84.0,210.0,-0.2537655640429888,-0.6572796135199761,0.0002593994140625,0.1015472412109375,7.267409065288881,20103,0.3067474365234375,1
IMG_8456 resized_448.jpg,154.7480926513672,39.878394914346046,158.0,39.0,254.0,84.0,214.0,-0.2630157648686924,-0.6981728508186715,0.0002593994140625,0.130615234375,7.304904522015189,18722,0.285675048828125,1
IMG_8462 resized_448.jpg,131.47314453125,20.330608189863277,131.0,41.0,223.0,99.0,165.0,-0.08552662713770247,0.21263610448597703,0.0001068115234375,0.000274658203125,6.3868250190571,6103,0.0931243896484375,1
IMG_8463 resized_448.jpg,170.7349853515625,25.126312138268666,172.0,47.0,242.0,129.0,210.0,-0.3003477048978888,0.120899818652628,1.52587890625e-05,0.11962890625,6.679162107354427,14505,0.2213287353515625,1
IMG_8464 resized_448.jpg,172.65367126464844,22.47663526743173,173.0,65.0,241.0,135.0,208.0,-0.285897396678243,0.2722165961492773,0.0,0.106842041015625,6.522269435081286,6943,0.1059417724609375,1
IMG_8465 resized_448.jpg,173.40760803222656,25.509037754908007,175.0,52.0,248.0,130.0,212.0,-0.44448549478169463,0.2834987418044661,0.0,0.1473236083984375,6.689217916187902,15440,0.235595703125,1
IMG_8466 resized_448.jpg,170.9386444091797,24.574393009103787,172.0,55.0,243.0,129.0,209.0,-0.3772014671976017,0.24996492527191316,0.0,0.111480712890625,6.644455529279561,12224,0.1865234375,1
IMG_8467 resized_448.jpg,172.94754028320312,22.874055984610557,174.0,64.0,242.0,134.0,208.0,-0.40686622944744516,0.3849981295094165,0.0,0.1095123291015625,6.539387880228527,7666,0.116973876953125,1
IMG_8468 resized_448.jpg,164.45436096191406,37.487524270296824,172.0,41.0,245.0,90.0,214.0,-0.6767961745048218,-0.31694786990722434,0.0001068115234375,0.16229248046875,7.1057161140882075,13690,0.208892822265625,1
IMG_8469 resized_448.jpg,168.99183654785156,18.241768695236487,170.0,75.0,238.0,138.0,198.0,-0.21768318324517685,0.03996879491680305,0.0,0.0331573486328125,6.226707541157034,3958,0.060394287109375,1
IMG_8470 resized_448.jpg,170.37155151367188,24.78642804824158,172.0,68.0,244.0,128.0,208.0,-0.32243893515571,-0.18174780557171877,0.0,0.110595703125,6.6537587372163145,16029,0.2445831298828125,1
IMG_8471 resized_448.jpg,171.3937225341797,24.832513851053395,173.0,64.0,243.0,128.0,209.0,-0.30794318962370104,-0.20929382295109367,0.0,0.1217041015625,6.657757861159767,17123,0.2612762451171875,1
IMG_8472 resized_448.jpg,170.7378387451172,25.341212378098014,172.0,67.0,244.0,127.0,210.0,-0.2976710948755324,-0.22903193917620301,0.0,0.121612548828125,6.687523572565519,17109,0.2610626220703125,1
IMG_8473 resized_448.jpg,169.9600372314453,27.187554535210758,171.0,58.0,245.0,124.0,212.0,-0.2702467219860843,-0.28474836491355715,0.0,0.13580322265625,6.788984116799002,19164,0.29241943359375,1
IMG_8474 resized_448.jpg,134.982666015625,17.618232156437884,135.0,49.0,249.0,107.0,163.0,0.16890656796514583,1.596266368886294,1.52587890625e-05,0.002349853515625,6.159201244215867,4872,0.0743408203125,1
IMG_8475 resized_448.jpg,177.53807067871094,22.638644497754015,179.0,70.0,253.0,139.0,212.0,-0.31642074159284417,0.49701905434083526,0.0,0.143768310546875,6.530935393589594,13329,0.2033843994140625,1
IMG_8476 resized_448.jpg,176.8335723876953,23.37827535895328,178.0,72.0,252.0,136.0,213.0,-0.26527977149155063,0.195019727897483,0.0,0.14849853515625,6.581485408353755,14325,0.2185821533203125,1
IMG_8477 resized_448.jpg,180.56166076660156,19.792460641436953,182.0,83.0,252.0,147.0,211.0,-0.3546364413502109,0.5286944961483568,0.0,0.148162841796875,6.3359576532024935,7140,0.10894775390625,1
IMG_8478 resized_448.jpg,189.70042419433594,18.08056304637567,190.0,86.0,253.0,159.0,218.0,-0.3639830484236154,0.8623663840807385,0.0,0.27239990234375,6.201877481108763,7708,0.11761474609375,1
IMG_8479 resized_448.jpg,181.28085327148438,22.244320473210607,182.0,69.0,254.0,143.0,216.0,-0.3609455993428096,0.6135959573325263,0.0,0.186920166015625,6.503356717866449,12001,0.1831207275390625,1
IMG_8480 resized_448.jpg,187.6650848388672,19.976952031641158,189.0,93.0,254.0,154.0,219.0,-0.2552734270597199,0.4894865891320843,0.0,0.2579193115234375,6.351959593241852,9250,0.141143798828125,1
IMG_8481 resized_448.jpg,181.99639892578125,21.856061539012654,183.0,85.0,253.0,144.0,216.0,-0.24294245567844816,0.16082434613699714,0.0,0.196563720703125,6.4867465709395145,12367,0.1887054443359375,1
IMG_8483 resized_448.jpg,180.89413452148438,23.26634823045781,183.0,88.0,254.0,140.0,216.0,-0.3589722680103349,0.0672509900774072,0.0,0.2027740478515625,6.565035920611682,15426,0.235382080078125,1
IMG_8484 resized_448.jpg,181.8731231689453,23.94522138133592,183.0,86.0,254.0,140.0,219.0,-0.312876826729762,0.010955203884782883,0.0,0.22613525390625,6.612519083792612,16257,0.2480621337890625,1
IMG_8485 resized_448.jpg,183.57154846191406,23.54608003400966,185.0,82.0,253.0,142.0,219.0,-0.3364952700518175,0.07248753766312221,0.0,0.2462615966796875,6.587021551561848,16550,0.252532958984375,1
IMG_8486 resized_448.jpg,175.73117065429688,22.528725073539754,177.0,75.0,253.0,137.0,211.0,-0.24523446990980519,0.04113418918199807,0.0,0.133056640625,6.530620057351296,15324,0.23382568359375,1
IMG_8487 resized_448.jpg,172.18435668945312,24.199612714483177,173.0,69.0,254.0,131.0,210.0,-0.20853636648523788,-0.07278966070985948,0.0,0.11846923828125,6.635282846754842,16484,0.25152587890625,1
IMG_8488 resized_448.jpg,183.2734375,21.83018428233672,184.0,82.0,253.0,146.0,217.0,-0.22973283697052088,0.05239074310854441,0.0,0.2200775146484375,6.485924776737562,14653,0.2235870361328125,1
IMG_8489 resized_448.jpg,171.97006225585938,23.491466275323873,173.0,63.0,253.0,132.0,209.0,-0.17088055593282434,-0.03952387156555481,0.0,0.109588623046875,6.5948731289929885,13915,0.2123260498046875,1
IMG_8490 resized_448.jpg,177.48452758789062,22.404116412733686,178.0,68.0,251.0,140.0,213.0,-0.21316916251080603,0.04814972413046403,0.0,0.153656005859375,6.524502236662629,12138,0.185211181640625,1
IMG_8491 resized_448.jpg,185.30972290039062,18.054087964579825,186.0,88.0,253.0,154.0,213.0,-0.3623900577731045,0.4915570915977212,0.0,0.19854736328125,6.202183813065009,5293,0.0807647705078125,1
IMG_8493 resized_448.jpg,181.49972534179688,22.46354196688493,183.0,85.0,254.0,142.0,215.0,-0.35838523042113496,0.08742753098828482,0.0,0.2024993896484375,6.516843654665708,14913,0.2275543212890625,1
IMG_8504 resized_448.jpg,132.7326202392578,18.295382868600008,131.0,53.0,252.0,105.0,165.0,0.4623462985366872,1.7692363042303443,0.0,0.002410888671875,6.16989049916304,2900,0.04425048828125,1
IMG_8505 resized_448.jpg,175.56289672851562,19.53703302653854,174.0,70.0,253.0,146.0,210.0,0.14798044475040867,0.9273928501928461,0.0,0.100860595703125,6.296280363378177,4717,0.0719757080078125,1
IMG_8506 resized_448.jpg,170.4757537841797,19.978820829816875,169.0,82.0,254.0,140.0,207.0,0.26751695500773764,0.821072228978859,0.0,0.07672119140625,6.330698545953397,5102,0.077850341796875,1
IMG_8507 resized_448.jpg,174.71510314941406,23.837046130608726,174.0,51.0,254.0,136.0,216.0,-0.041557734960570296,0.6096016442010148,0.0,0.1345672607421875,6.597084412782225,9898,0.151031494140625,1
IMG_8508 resized_448.jpg,169.01580810546875,25.80214932465453,168.0,45.0,254.0,128.0,214.25,0.07301511058173114,0.4040436504858551,3.0517578125e-05,0.117034912109375,6.714339399247902,12662,0.193206787109375,1
IMG_8509 resized_448.jpg,168.8709716796875,22.85351785722211,168.0,43.0,253.0,133.0,207.0,-0.13096678121626548,0.9558046759818013,6.103515625e-05,0.0812530517578125,6.54066491935766,11217,0.1711578369140625,1
IMG_8510 resized_448.jpg,170.61932373046875,23.95514712154624,171.0,43.0,254.0,133.0,210.0,-0.24895004460691222,1.1159798933509713,6.103515625e-05,0.1002655029296875,6.602188532035575,11562,0.176422119140625,1
IMG_8511 resized_448.jpg,167.27638244628906,27.921634788841953,167.0,42.0,253.0,122.0,214.0,-0.11822587821194804,0.4009998409726281,0.000152587890625,0.1165618896484375,6.836962892699547,16732,0.25531005859375,1
IMG_8512 resized_448.jpg,171.5217742919922,28.32671773689007,171.0,39.0,254.0,126.0,219.0,-0.157356600629394,0.4963751766463962,0.0005035400390625,0.152191162109375,6.8544139852709565,16907,0.2579803466796875,1
IMG_8513 resized_448.jpg,167.59837341308594,28.2090691739009,168.0,42.0,254.0,121.0,214.0,-0.19795974512149378,0.5309653957182738,0.000244140625,0.11883544921875,6.848607230033968,17355,0.2648162841796875,1
IMG_8514 resized_448.jpg,162.070556640625,33.419352859380155,163.0,29.0,254.0,104.0,215.0,-0.38450431492500303,0.4885081533045841,0.0034332275390625,0.1192626953125,7.082413816023202,18478,0.281951904296875,1
IMG_8515 resized_448.jpg,156.5281524658203,36.70301276346713,159.0,23.0,253.0,90.0,214.0,-0.46256359473383246,0.4191592162331128,0.0074615478515625,0.1078338623046875,7.204525129506544,19724,0.30096435546875,1
IMG_8516 resized_448.jpg,171.97129821777344,32.60643699422974,174.0,31.0,254.0,113.0,222.0,-0.6365888964498775,0.9793081966379331,0.00177001953125,0.177703857421875,7.0183156809129335,17801,0.2716217041015625,1
IMG_8517 resized_448.jpg,123.88717651367188,28.079150394493023,119.0,27.0,249.0,87.0,181.0,0.8922796046341059,1.1907322448287117,0.0010223388671875,0.017059326171875,6.7334923436705445,12319,0.1879730224609375,1
IMG_8518 resized_448.jpg,181.63490295410156,28.542723993007773,178.0,75.0,255.0,140.0,236.0,0.339221685310034,-0.12655619346497504,0.0,0.23736572265625,6.820937949986457,15577,0.2376861572265625,1
IMG_8519 resized_448.jpg,165.39544677734375,28.0874976752092,162.0,63.0,255.0,124.0,220.0,0.449170485575761,0.30221866310898493,0.0,0.1186981201171875,6.806247474938306,13919,0.2123870849609375,1
IMG_8520 resized_448.jpg,174.06564331054688,27.167868384317114,171.0,63.0,254.0,134.0,226.0,0.43569678545605434,0.13203578054956466,0.0,0.165069580078125,6.756811346164252,14794,0.225738525390625,1
IMG_8521 resized_448.jpg,159.0052490234375,30.8165045855241,154.0,44.0,254.0,116.0,219.0,0.5089935613004859,0.1512358318972673,1.52587890625e-05,0.114166259765625,6.919524262986116,15070,0.229949951171875,1
IMG_8522 resized_448.jpg,162.81741333007812,31.049689841549213,160.0,26.0,253.0,116.0,217.0,-0.09218455318439554,0.6473117312187799,0.0017547607421875,0.123077392578125,6.956407721409616,16787,0.2561492919921875,1
IMG_8523 resized_448.jpg,160.8573455810547,30.705775103265857,158.0,22.0,253.0,115.0,215.0,0.040676577578542636,0.5342831381241773,0.0019378662109375,0.1134490966796875,6.944253602844171,16119,0.2459564208984375,1
IMG_8524 resized_448.jpg,166.00559997558594,31.917579591429458,164.0,32.0,253.0,118.0,222.0,-0.05105720094625407,0.3943270865579529,0.0006866455078125,0.147186279296875,7.005853311466983,16234,0.247711181640625,1
IMG_8525 resized_448.jpg,171.85606384277344,31.355904836257178,170.0,37.0,254.0,124.0,227.0,-0.06785485106214978,0.39700814081091984,0.00042724609375,0.1820831298828125,6.9794061397848886,16492,0.25164794921875,1
IMG_8526 resized_448.jpg,173.00730895996094,30.6037358163987,171.0,35.0,255.0,126.0,227.0,0.008487355028666543,0.1577670893713603,0.00030517578125,0.1856689453125,6.95704325832615,16806,0.256439208984375,1
IMG_8527 resized_448.jpg,165.68023681640625,29.57347630106842,164.0,41.0,253.0,118.0,218.0,0.050947919716683936,0.22111755292881474,9.1552734375e-05,0.1273345947265625,6.909685426797519,16419,0.2505340576171875,1
IMG_8528 resized_448.jpg,162.2877197265625,31.672160874936417,160.0,32.0,253.0,113.0,219.0,0.05639452367280608,0.23660624841149858,0.0005950927734375,0.12298583984375,7.004503888281803,16664,0.2542724609375,1
IMG_8529 resized_448.jpg,172.30894470214844,24.097851528976935,172.0,41.0,252.0,136.0,213.0,-0.47741538806094946,2.3254872272903606,0.0001220703125,0.108917236328125,6.548773567448097,10777,0.1644439697265625,1
IMG_8530 resized_448.jpg,154.9319305419922,30.378340760714398,152.0,32.0,254.0,110.0,209.0,0.10268963761706966,0.8355538812007008,0.0021820068359375,0.0794830322265625,6.915694381785246,15411,0.2351531982421875,1
IMG_8531 resized_448.jpg,171.55728149414062,30.37998713371175,172.0,33.0,253.0,119.0,220.0,-0.6055201624529404,1.4870557829695619,0.001129150390625,0.1563568115234375,6.896918871005849,15261,0.2328643798828125,1
IMG_8532 resized_448.jpg,163.77114868164062,30.85854718231225,164.0,36.0,253.0,108.0,215.0,-0.3924661187424368,0.7843171299485427,0.0004730224609375,0.109954833984375,6.942529098514168,15739,0.2401580810546875,1
IMG_8533 resized_448.jpg,170.94932556152344,29.895513209433062,172.0,39.0,253.0,116.0,219.0,-0.5407023553256278,1.1299637550911985,0.000396728515625,0.1482391357421875,6.882201994697656,15321,0.2337799072265625,1
IMG_20180705_130729936 resized_448.jpg,157.23390197753906,15.108969785047863,157.0,85.0,240.0,133.0,182.0,0.012554117704893009,0.2945631935965842,0.0,0.00323486328125,5.957895711570041,750,0.011444091796875,0
IMG_20180705_130731751 resized_448.jpg,157.72120666503906,16.428223365099708,157.0,91.0,244.0,133.0,185.0,0.5221180977449427,1.0722634080301248,0.0,0.0161285400390625,6.048547006513489,461,0.0070343017578125,0
IMG_20180705_130732496 resized_448.jpg,159.76869201660156,14.587853153549068,160.0,95.0,243.0,136.0,183.0,0.04758665287380642,0.08311080111528035,0.0,0.0035858154296875,5.909980515094989,323,0.0049285888671875,0
IMG_20180705_130732993 resized_448.jpg,160.0172119140625,14.377647400240392,160.0,101.0,242.0,137.0,183.0,0.10352473592779488,0.1893329639275878,0.0,0.0042724609375,5.887239159849086,428,0.00653076171875,0
IMG_20180705_130733329 resized_448.jpg,166.1123046875,19.36817051284368,164.0,102.0,253.0,139.0,204.0,0.8711601972788379,1.365457634791949,0.0,0.058563232421875,6.232272740389435,338,0.005157470703125,0
IMG_20180705_130733660 resized_448.jpg,167.2716827392578,18.74106056787918,166.0,104.0,252.0,140.0,200.0,0.8027819979783073,1.4928688323453674,0.0,0.0496063232421875,6.201598082116034,302,0.004608154296875,0
IMG_20180705_130733991 resized_448.jpg,159.47825622558594,16.0121771322614,159.0,86.0,248.0,135.0,185.0,0.5956519312131652,1.7132558769387618,0.0,0.0151214599609375,6.003103395988091,283,0.0043182373046875,0
IMG_20180705_130734324 resized_448.jpg,159.1973419189453,17.07638120500443,158.0,64.0,252.0,134.0,188.0,0.6289167482879672,2.0091066157247095,0.0,0.02435302734375,6.07042874493441,171,0.0026092529296875,0
IMG_20180705_130734659 resized_448.jpg,153.71253967285156,14.567582862031424,154.0,95.0,250.0,130.0,177.0,0.026078078442776154,0.12450650319419143,0.0,0.0015106201171875,5.907975998402164,302,0.004608154296875,0
IMG_20180705_130734991 resized_448.jpg,152.837158203125,14.866724691639481,153.0,92.0,241.0,128.0,177.0,0.06078888117055614,0.1096594619622695,0.0,0.001617431640625,5.936153281345708,381,0.0058135986328125,0
IMG_20180705_130735324 resized_448.jpg,153.21841430664062,14.680791154801197,153.0,88.0,238.0,129.0,177.0,0.05265471606420952,0.20671111166758616,0.0,0.0018768310546875,5.918058386790673,644,0.00982666015625,0
IMG_20180705_130735657 resized_448.jpg,153.92320251464844,14.401369791713877,154.0,86.0,244.0,130.0,177.0,0.05889483510413812,0.3164270660095365,0.0,0.0018463134765625,5.889854849017112,512,0.0078125,0
IMG_20180705_130735989 resized_448.jpg,155.32162475585938,15.996730848784374,155.0,85.0,252.0,131.0,181.0,0.5384109057758085,1.535060074019369,0.0,0.0113525390625,6.007682656042622,656,0.010009765625,0
IMG_20180705_130736323 resized_448.jpg,155.21304321289062,15.512324935164578,155.0,87.0,248.0,130.0,181.0,0.23427661687719725,0.5144495081624112,0.0,0.0051727294921875,5.9918425747999375,406,0.006195068359375,0
IMG_20180705_130736655 resized_448.jpg,152.66073608398438,15.261280730858436,153.0,79.0,241.0,128.0,177.0,0.05644654678196043,0.3397354583632963,0.0,0.0024261474609375,5.973975005654764,453,0.0069122314453125,0
IMG_20180705_130736987 resized_448.jpg,150.06622314453125,15.007951074419173,150.0,56.0,234.0,125.0,174.0,-0.08508398924410682,0.5030618139694272,0.0,0.0013275146484375,5.946635881701589,476,0.00726318359375,0
IMG_20180705_130737319 resized_448.jpg,147.8135223388672,15.177157201389445,148.0,75.0,242.0,123.0,172.0,-0.0631261042064119,0.32692774889625387,0.0,0.0009613037109375,5.965245919843081,410,0.006256103515625,0
IMG_20180705_130737652 resized_448.jpg,148.42901611328125,15.207991869663402,148.0,68.0,237.0,124.0,173.0,0.025955878967180657,0.33658942606357467,0.0,0.0012054443359375,5.9684466215089085,403,0.0061492919921875,0
IMG_20180705_130737985 resized_448.jpg,150.97581481933594,15.310626811889012,151.0,81.0,233.0,126.0,176.0,0.09658529184795134,0.22652868945510374,0.0,0.0018310546875,5.979082340413094,269,0.0041046142578125,0
IMG_20180705_130738321 resized_448.jpg,150.1053924560547,14.88066598607051,150.0,67.0,222.0,126.0,174.0,0.02672876977746691,0.1321069269318702,0.0,0.001007080078125,5.937403367196948,285,0.0043487548828125,0
IMG_20180705_130738655 resized_448.jpg,151.7122039794922,14.916434339895046,152.0,86.0,236.0,127.0,176.0,0.061497061747795845,0.059175059991245504,0.0,0.001495361328125,5.941067900703381,294,0.004486083984375,0
IMG_20180705_130738987 resized_448.jpg,153.8909454345703,14.69094436166379,154.0,87.0,243.0,130.0,178.0,0.08314439999829776,0.08402477364961047,0.0,0.001922607421875,5.918481348832536,307,0.0046844482421875,0
IMG_20180705_130739321 resized_448.jpg,155.44122314453125,15.26439129860107,155.0,85.0,250.0,131.0,180.0,0.17801592037761887,0.2446380862020212,0.0,0.0038299560546875,5.970602238781225,342,0.005218505859375,0
IMG_20180705_130739654 resized_448.jpg,156.5903778076172,15.125478534408723,156.0,85.0,246.0,132.0,181.0,0.15310070928427888,0.08909175241066514,0.0,0.0041046142578125,5.958637393316074,243,0.0037078857421875,0
IMG_20180705_130739987 resized_448.jpg,155.69515991210938,14.585252218814723,156.0,85.0,244.0,132.0,179.0,0.11641673518660539,0.07527894876747876,0.0,0.0029144287109375,5.906214721139143,195,0.0029754638671875,0
IMG_20180705_130740323 resized_448.jpg,156.3233184814453,14.856037371558468,156.0,91.0,238.0,132.0,180.0,0.06420905517493136,0.0308959355496099,0.0,0.00299072265625,5.934588676564421,349,0.0053253173828125,0
IMG_20180705_130740656 resized_448.jpg,157.07252502441406,15.81029113953099,157.0,76.0,250.0,132.0,183.0,0.23497422054022776,0.44670463968034957,0.0,0.0079345703125,6.0178050193002495,339,0.0051727294921875,0
IMG_20180705_130740989 resized_448.jpg,158.6232452392578,16.145208685299167,158.0,81.0,241.0,133.0,185.0,0.20860477245860387,0.3269250777787098,0.0,0.0091400146484375,6.0500151072290915,576,0.0087890625,0
IMG_20180705_130741322 resized_448.jpg,167.10581970214844,23.371732315010465,164.0,94.0,255.0,137.0,213.0,1.593942287488102,3.881475391086158,0.0,0.0648345947265625,6.257590644967668,410,0.006256103515625,0
IMG_20180705_130741655 resized_448.jpg,158.75094604492188,14.299088872597594,159.0,88.0,243.0,136.0,182.0,0.10537161358586772,0.09744950218555859,0.0,0.0031280517578125,5.881011200746372,118,0.001800537109375,0
IMG_20180705_130741989 resized_448.jpg,162.84181213378906,17.587172613567347,162.0,91.0,251.0,137.0,194.0,0.7260630782023204,1.297907598568493,0.0,0.032135009765625,6.12389269914797,155,0.0023651123046875,0
IMG_20180705_130742323 resized_448.jpg,160.14999389648438,15.156427974952532,160.0,90.0,246.0,136.0,185.0,0.1684519882802753,0.18856119696377593,0.0,0.0066986083984375,5.962993021780939,226,0.003448486328125,0
IMG_20180705_130742655 resized_448.jpg,166.33575439453125,22.910191902513397,163.0,89.0,255.0,136.0,208.0,1.121666411163924,2.135021889630705,0.0,0.0727996826171875,6.4125978979069505,301,0.0045928955078125,0
IMG_20180705_130742988 resized_448.jpg,166.06182861328125,23.347568828281236,163.0,94.0,255.0,135.0,216.0,1.1529232805305738,1.8075711716069245,0.0,0.0865936279296875,6.415176116454855,388,0.00592041015625,0
IMG_20180705_130743321 resized_448.jpg,161.05398559570312,19.56635789906652,159.0,90.0,254.0,133.0,197.0,0.9085835293425877,1.819784605541165,0.0,0.042724609375,6.244606668436649,323,0.0049285888671875,0
IMG_20180705_130743653 resized_448.jpg,159.1385955810547,17.437011771566482,158.0,82.0,251.0,133.0,189.0,0.5458169894325442,1.0745569752771331,0.0,0.0206756591796875,6.134149423495328,370,0.005645751953125,0
IMG_20180705_130743987 resized_448.jpg,157.326171875,15.81577083246803,157.0,84.0,248.0,132.0,183.0,0.24990531576048314,0.5706790353053286,0.0,0.0075531005859375,6.015786520563195,351,0.0053558349609375,0
IMG_20180705_130744320 resized_448.jpg,157.09661865234375,16.29073835929782,157.0,88.0,237.0,131.0,184.0,0.21791385310443112,0.19980932159035492,0.0,0.0079803466796875,6.06456827901284,174,0.002655029296875,0
IMG_20180705_130744653 resized_448.jpg,157.8682403564453,17.679303108858253,157.0,84.0,255.0,131.0,186.0,0.7391984289350143,2.4000989063722313,0.0,0.01751708984375,6.128675683729948,331,0.0050506591796875,0
IMG_20180705_130744988 resized_448.jpg,162.89088439941406,25.785864500130828,159.0,88.0,255.0,131.0,221.0,1.4248288454434817,2.648211063274715,0.0,0.078582763671875,6.453979781634764,304,0.004638671875,0
IMG_20180705_130745320 resized_448.jpg,155.83840942382812,15.544063205509179,156.0,94.0,230.0,130.0,181.0,0.005517429680571728,0.001783934534700382,0.0,0.00286865234375,6.0010561151739115,325,0.0049591064453125,0
IMG_20180705_130745654 resized_448.jpg,157.3114776611328,15.719734689013757,158.0,99.0,236.0,131.0,182.0,0.020838298936779243,0.09310857221326518,0.0,0.0043487548828125,6.016110332419904,211,0.0032196044921875,0
IMG_20180705_130745987 resized_448.jpg,156.69264221191406,15.869457757443959,157.0,92.0,253.0,131.0,182.0,0.3839866376451896,1.3976550027092767,0.0,0.0083160400390625,6.0057206075221234,285,0.0043487548828125,0
IMG_20180705_130746319 resized_448.jpg,166.3535614013672,26.293622674224384,162.0,96.0,255.0,133.0,229.0,1.4152871170608055,2.546587495779078,0.0,0.087646484375,6.448080735563606,364,0.00555419921875,0
IMG_20180705_130746652 resized_448.jpg,157.63783264160156,15.373878975418005,158.0,92.0,246.0,132.0,182.0,-0.04635114539643542,0.028213691723584233,0.0,0.00299072265625,5.98424831075666,310,0.004730224609375,0
IMG_20180705_130746985 resized_448.jpg,158.35145568847656,17.02507320668498,158.0,87.0,242.0,130.0,187.0,0.13659672732542594,0.1316278514997138,0.0,0.0098876953125,6.131344512726194,370,0.005645751953125,0
IMG_20180705_130747318 resized_448.jpg,158.07862854003906,14.612923526226892,158.0,90.0,225.0,133.0,181.0,-0.060114970871623485,0.16819170239750791,0.0,0.0030517578125,5.911379868614261,406,0.006195068359375,0
IMG_20180705_130747652 resized_448.jpg,159.1057891845703,16.223725925063945,159.0,100.0,231.0,133.0,187.0,0.2020116545078483,0.1795638094690828,0.0,0.0093536376953125,6.06012034894847,268,0.00408935546875,0
IMG_20180705_130747985 resized_448.jpg,160.30288696289062,16.74320718329176,160.0,92.0,248.0,134.0,187.0,0.5158583741770066,1.4630039071234409,0.0,0.0196380615234375,6.070951253538511,383,0.0058441162109375,0
IMG_20180705_130748317 resized_448.jpg,159.87083435058594,15.671612899716676,160.0,92.0,249.0,135.0,186.0,0.24138304974715097,0.6929761194690669,0.0,0.0111541748046875,6.0029314190439,434,0.006622314453125,0
IMG_20180705_130748649 resized_448.jpg,159.0856170654297,15.80058405443518,159.0,94.0,248.0,134.0,185.0,0.3381754496902768,0.9481850882258387,0.0,0.012176513671875,6.006218463925392,303,0.0046234130859375,0
IMG_8658 resized_448.jpg,152.95994567871094,28.634532119609766,155.0,38.0,252.0,102.0,195.0,-0.3412590671599298,0.10121146692450811,0.000335693359375,0.0298614501953125,6.864132302259332,17710,0.270233154296875,0
IMG_8659 resized_448.jpg,161.86474609375,29.615645235398283,164.0,39.0,253.0,109.0,205.0,-0.42370479798444016,0.2056553319005605,0.0001983642578125,0.0776824951171875,6.905832871771897,15078,0.230072021484375,0
IMG_8660 resized_448.jpg,150.62094116210938,31.746524511319464,152.0,24.0,253.0,96.0,199.0,-0.23151667192875283,0.13045775551889527,0.0013427734375,0.043548583984375,7.021635042709714,18531,0.2827606201171875,0
IMG_8661 resized_448.jpg,163.06658935546875,30.132498389086244,166.0,33.0,252.0,109.0,206.0,-0.41009450537359604,-0.07442981137316718,0.0001983642578125,0.086761474609375,6.924210438339879,9629,0.1469268798828125,0
IMG_8662 resized_448.jpg,158.65081787109375,29.267344313735457,161.0,40.0,252.0,107.0,201.0,-0.3784225302872085,-0.07849688700749358,0.0001983642578125,0.053253173828125,6.887337416250671,9898,0.151031494140625,0
IMG_8663 resized_448.jpg,161.5724334716797,26.98176867884433,164.0,50.0,252.0,115.0,201.0,-0.3223082702976797,0.07292084311142277,0.0,0.0529022216796875,6.776755301289988,8668,0.13226318359375,0
IMG_8664 resized_448.jpg,155.2296142578125,25.26918577930162,156.0,44.0,251.0,113.0,195.0,-0.11962391089695998,0.2450214066062788,3.0517578125e-05,0.03118896484375,6.700779538469961,6114,0.093292236328125,0
IMG_8665 resized_448.jpg,157.15394592285156,24.26007872352009,158.0,34.0,252.0,116.0,195.0,-0.205198206245349,0.43208868211936124,0.0001678466796875,0.030364990234375,6.637299484459032,5181,0.0790557861328125,0
IMG_8666 resized_448.jpg,165.7936248779297,21.90149127515275,167.0,48.0,250.0,128.0,199.0,-0.3396793797830019,0.3775873474603726,1.52587890625e-05,0.0406951904296875,6.4820704161547775,4985,0.0760650634765625,0
IMG_8667 resized_448.jpg,164.78228759765625,27.126929902206786,166.0,31.0,253.0,117.0,205.0,-0.3678543055243966,0.522967493356925,0.000244140625,0.07635498046875,6.786428635136863,15613,0.2382354736328125,0
IMG_8668 resized_448.jpg,165.27536010742188,21.271354752634174,166.0,60.0,249.0,129.0,198.0,-0.26885719230699345,0.4823169305761974,0.0,0.0392303466796875,6.4445957228085575,3735,0.0569915771484375,0
IMG_8669 resized_448.jpg,165.44908142089844,20.63650250569226,167.0,50.0,250.0,129.0,196.0,-0.4861467857288847,0.6678150945996175,0.0,0.0266571044921875,6.379839401450521,4792,0.0731201171875,0
IMG_8670 resized_448.jpg,164.7975616455078,23.651143217090496,167.0,44.0,249.0,122.0,199.0,-0.5339260695883963,0.543651054143445,1.52587890625e-05,0.040252685546875,6.569892979196986,9207,0.1404876708984375,0
IMG_8671 resized_448.jpg,162.83551025390625,28.91433923990086,166.0,43.0,252.0,111.0,205.0,-0.4526761346263517,0.04856914924786704,3.0517578125e-05,0.0740203857421875,6.865195707668169,16198,0.247161865234375,0
IMG_8672 resized_448.jpg,155.8369140625,24.453547737928137,157.0,29.0,252.0,114.0,193.0,-0.25209312683558394,0.8701305869303981,0.000244140625,0.0281829833984375,6.6346163496975805,12569,0.1917877197265625,0
IMG_8673 resized_448.jpg,168.20059204101562,24.614320254932455,168.0,39.0,252.0,127.0,207.0,-0.19376261461768268,0.09479852864428517,1.52587890625e-05,0.0955810546875,6.656945540198961,9340,0.14251708984375,0
IMG_8674 resized_448.jpg,168.0539093017578,26.336642764642182,169.0,44.0,253.0,123.0,210.0,-0.20176472853851918,-0.2862319916830396,1.52587890625e-05,0.11456298828125,6.748546553408657,6999,0.1067962646484375,0
IMG_8675 resized_448.jpg,171.5716552734375,25.90465538186967,173.0,47.0,253.0,126.0,212.0,-0.33193477201045474,-0.0940706948707204,1.52587890625e-05,0.1346435546875,6.719613856126624,6702,0.102264404296875,0
IMG_8676 resized_448.jpg,151.89744567871094,31.362533155137253,153.0,38.0,253.0,98.0,201.0,-0.15454555381728102,-0.2778711346100571,0.000213623046875,0.051116943359375,7.006972829782622,17588,0.26837158203125,0
IMG_8677 resized_448.jpg,155.54248046875,24.017959784026587,156.0,45.0,254.0,115.0,193.0,-0.1497956554721686,0.4929659530936976,3.0517578125e-05,0.0274658203125,6.621442527768732,8381,0.1278839111328125,0
IMG_8678 resized_448.jpg,154.09634399414062,26.317287760541,155.0,42.0,249.0,109.0,195.0,-0.21471732114813924,0.2945191761818373,0.0002288818359375,0.031463623046875,6.7552084967028065,13067,0.1993865966796875,0
IMG_8679 resized_448.jpg,151.83802795410156,28.058837017212525,154.0,34.0,245.0,100.0,194.0,-0.4522840520398938,0.3247391480036681,0.0003204345703125,0.027069091796875,6.825430694754723,5047,0.0770111083984375,0
IMG_8680 resized_448.jpg,160.6618194580078,25.352795708837036,161.0,39.0,253.0,118.0,202.0,-0.17990218131211572,0.2927433967195725,4.57763671875e-05,0.0540924072265625,6.703327302402167,4026,0.061431884765625,0
IMG_8681 resized_448.jpg,172.56463623046875,18.80708116359471,173.0,66.0,251.0,140.0,202.0,-0.23150688658676866,0.42127972124852375,0.0,0.05743408203125,6.269013717286867,2284,0.03485107421875,0
IMG_8682 resized_448.jpg,166.1101531982422,18.964420858144628,166.0,76.0,250.0,135.0,197.0,0.011257283723002401,0.3084244174239057,0.0,0.0323944091796875,6.286935424859601,1653,0.0252227783203125,0
IMG_8683 resized_448.jpg,164.16744995117188,19.199649268855296,164.0,84.0,247.0,133.0,196.0,0.12892902667410638,0.17874037972002732,0.0,0.0313720703125,6.305302974583967,1286,0.019622802734375,0
IMG_8684 resized_448.jpg,146.69668579101562,28.492756433728907,150.0,25.0,251.0,94.0,189.0,-0.44314019915497954,0.5632275776854301,0.0010986328125,0.0209808349609375,6.839490401111677,7624,0.1163330078125,0
IMG_8685 resized_448.jpg,150.51524353027344,24.48951738950203,151.0,41.0,252.0,111.0,191.0,0.07695928708487207,0.45270998494708214,4.57763671875e-05,0.025909423828125,6.652032331195773,11887,0.1813812255859375,0
IMG_8686 resized_448.jpg,146.0006103515625,27.803380257246303,147.0,47.0,248.0,98.0,189.0,-0.1727051358639638,-0.2765020125172968,1.52587890625e-05,0.0160064697265625,6.831972176162617,17593,0.2684478759765625,0
IMG_8687 resized_448.jpg,154.02706909179688,28.819117510950477,155.0,52.0,252.0,104.0,199.0,-0.16913903530860286,-0.2965626847482814,0.0,0.04449462890625,6.884213480876855,17930,0.273590087890625,0
IMG_8688 resized_448.jpg,149.52195739746094,32.28654654336564,151.0,43.0,249.0,94.0,200.0,-0.16624427321477833,-0.4072595971955626,0.0001068115234375,0.0466156005859375,7.042981478128462,21737,0.3316802978515625,0
IMG_8689 resized_448.jpg,131.3214874267578,35.70878638729384,132.0,25.0,250.0,72.0,189.0,1.3010308433161755e-06,-0.48374691015799165,0.0045013427734375,0.02130126953125,7.188417293970041,22381,0.3415069580078125,0
IMG_8690 resized_448.jpg,149.49766540527344,30.55736254061105,151.0,51.0,250.0,97.0,197.0,-0.16907079333176211,-0.32223471964500705,0.0,0.037872314453125,6.96728901907159,19228,0.29339599609375,0
IMG_8691 resized_448.jpg,145.08409118652344,31.105840725367308,146.0,40.0,249.0,92.0,194.0,-0.14360011292086694,-0.2596663173710865,0.0001068115234375,0.029571533203125,6.995958992037848,19604,0.29913330078125,0
IMG_8692 resized_448.jpg,144.00428771972656,31.944305541711458,145.0,32.0,251.0,89.0,195.0,-0.11209972642541904,-0.2784528015286485,0.0003662109375,0.0324554443359375,7.035811921336826,19777,0.3017730712890625,0
IMG_8693 resized_448.jpg,139.52442932128906,34.13620825814457,141.0,45.0,252.0,81.0,193.0,-0.10109576828420452,-0.5350025780990135,0.0002593994140625,0.027679443359375,7.117629152255651,20556,0.31365966796875,0
IMG_8694 resized_448.jpg,135.70388793945312,34.28265642798012,137.0,41.0,253.0,78.0,190.0,-0.05274332127861214,-0.5378179792519018,0.0009765625,0.0219573974609375,7.125559133135974,20788,0.31719970703125,0
IMG_8695 resized_448.jpg,138.85791015625,33.02771008523525,140.0,33.0,252.0,82.0,191.0,-0.11830484957631973,-0.3443686079557926,0.0011749267578125,0.02423095703125,7.080186835094232,19725,0.3009796142578125,0
IMG_8696 resized_448.jpg,141.2919158935547,32.86582032051813,142.0,39.0,248.0,85.0,194.0,-0.111250725372155,-0.4123027601081799,0.00054931640625,0.02777099609375,7.0715075525082,20757,0.3167266845703125,0
IMG_8697 resized_448.jpg,146.9866180419922,32.90041265814944,149.0,43.0,250.0,90.0,198.0,-0.18258220011999401,-0.40991113049134187,0.0001220703125,0.0412750244140625,7.068364680572436,20656,0.315185546875,0
IMG_8698 resized_448.jpg,133.82200622558594,35.650077415825564,134.0,29.0,253.0,75.0,192.0,0.01278144278586648,-0.46160754577555174,0.0032958984375,0.027679443359375,7.188832231278087,21412,0.32672119140625,0
IMG_8699 resized_448.jpg,133.43124389648438,35.53010167986341,134.0,28.0,252.0,75.0,191.0,0.006925658293148153,-0.47378156325125564,0.0032501220703125,0.025726318359375,7.183066766165108,21280,0.32470703125,0
IMG_8700 resized_448.jpg,134.10299682617188,34.82987058284686,135.0,19.0,252.0,76.0,190.0,-0.040266908394824934,-0.4102196776940339,0.00335693359375,0.023223876953125,7.1576627979756955,20971,0.3199920654296875,0
IMG_8701 resized_448.jpg,140.43157958984375,34.69421897968543,141.0,34.0,252.0,83.0,197.0,-0.002301970799119306,-0.4604177073006337,0.0007476806640625,0.039825439453125,7.150305392538687,20071,0.3062591552734375,0
IMG_8702 resized_448.jpg,132.61734008789062,34.18052937684711,132.0,26.0,253.0,77.0,190.0,0.11974734653107034,-0.25948570971269813,0.0026702880859375,0.0243988037109375,7.1328160546283055,19458,0.296905517578125,0
IMG_8703 resized_448.jpg,128.53868103027344,33.596037336643775,128.0,29.0,252.0,74.0,185.0,0.08337274672109732,-0.3186323732923517,0.004302978515625,0.0155181884765625,7.108252399986762,19269,0.2940216064453125,0
IMG_8704 resized_448.jpg,139.78805541992188,37.76230165033009,141.0,33.0,253.0,76.0,200.0,-0.08015878266047291,-0.5349450161178573,0.0029144287109375,0.0491485595703125,7.264582929540614,22074,0.336822509765625,0
IMG_8705 resized_448.jpg,148.0487823486328,37.157824261544135,149.0,40.0,252.0,85.0,208.0,-0.09448490432903976,-0.5518024007239668,0.0005645751953125,0.078826904296875,7.24076762750091,21676,0.33074951171875,0
IMG_8706 resized_448.jpg,146.33639526367188,29.645492440093513,146.0,37.0,254.0,98.0,196.0,0.09247102588049012,-0.1750349814628107,1.52587890625e-05,0.0359954833984375,6.931232703963555,13588,0.20733642578125,0
IMG_8707 resized_448.jpg,146.85009765625,29.877750122508242,147.0,46.0,251.0,97.0,195.0,-0.03170165107817602,-0.283884589449908,3.0517578125e-05,0.033599853515625,6.9418248749326015,16246,0.247894287109375,0
IMG_8708 resized_448.jpg,145.03094482421875,30.59702296614019,145.0,48.0,251.0,94.0,195.0,-0.02742041319408258,-0.3174335637629957,1.52587890625e-05,0.0319976806640625,6.975033460975965,16544,0.25244140625,0
IMG_8709 resized_448.jpg,148.91404724121094,29.468890018874916,150.0,45.0,253.0,99.0,197.0,-0.06320045369207458,-0.271917855484225,4.57763671875e-05,0.0359344482421875,6.921892333242801,13497,0.2059478759765625,0
IMG_8710 resized_448.jpg,146.71070861816406,31.59462858606685,147.0,42.0,249.0,93.0,198.0,-0.07074405481248783,-0.3422169177615775,7.62939453125e-05,0.03955078125,7.019522075335614,17177,0.2621002197265625,0
IMG_8711 resized_448.jpg,146.89540100097656,31.594110769169,148.0,41.0,250.0,93.0,197.0,-0.101186778357244,-0.32304823323742493,4.57763671875e-05,0.0393829345703125,7.018955075535429,17133,0.2614288330078125,0
IMG_8712 resized_448.jpg,148.01571655273438,30.46410967567848,149.0,45.0,252.0,96.0,197.0,-0.10367287719712559,-0.24661534091253223,9.1552734375e-05,0.037078857421875,6.969161152764537,15138,0.230987548828125,0
IMG_8713 resized_448.jpg,150.12974548339844,30.625203227501178,151.0,42.0,251.0,98.0,200.0,-0.10376655505780577,-0.2823336953600295,6.103515625e-05,0.046173095703125,6.975904613167364,15943,0.2432708740234375,0
IMG_8714 resized_448.jpg,146.71041870117188,30.67282128245257,148.0,41.0,251.0,95.0,196.0,-0.09750447733724839,-0.315747029925348,6.103515625e-05,0.03497314453125,6.977599325486352,17280,0.263671875,0
IMG_8715 resized_448.jpg,146.86166381835938,30.802145272432767,148.0,40.0,250.0,95.0,196.0,-0.07805296762996315,-0.3170006030397561,4.57763671875e-05,0.0361328125,6.983995353864975,17402,0.265533447265625,0
IMG_8716 resized_448.jpg,148.07369995117188,29.67692503606959,149.0,44.0,247.0,98.0,196.0,-0.06344967309374272,-0.27317550347803765,4.57763671875e-05,0.03448486328125,6.931812762044279,14883,0.2270965576171875,0
IMG_8717 resized_448.jpg,150.25823974609375,29.597209930516044,151.0,49.0,252.0,100.0,198.0,-0.0800325001275187,-0.25213157413946874,1.52587890625e-05,0.0424957275390625,6.9281824042887425,14235,0.2172088623046875,0
IMG_8718 resized_448.jpg,148.48355102539062,30.290488713159046,150.0,40.0,249.0,97.0,197.0,-0.13106199180754602,-0.2736967419203564,7.62939453125e-05,0.0367584228515625,6.95854281996686,14902,0.227386474609375,0
IMG_8719 resized_448.jpg,147.54295349121094,30.51732033289173,149.0,44.0,250.0,95.0,196.0,-0.13550938094908713,-0.26454732506148027,0.0001068115234375,0.0350189208984375,6.970047980197253,15096,0.2303466796875,0
IMG_8720 resized_448.jpg,149.89109802246094,30.365309629725378,151.0,48.0,253.0,98.0,198.0,-0.14681033501457616,-0.22869576980698625,7.62939453125e-05,0.039703369140625,6.962037460693022,15643,0.2386932373046875,0
IMG_8721 resized_448.jpg,130.81610107421875,36.118644530197535,131.0,25.0,252.0,70.0,189.0,-0.01992213712844962,-0.5055369893046402,0.00469970703125,0.0206146240234375,7.202531735490631,21940,0.33477783203125,0
IMG_8722 resized_448.jpg,155.6636505126953,26.90464357145361,156.0,55.0,251.0,110.0,199.0,-0.16087856636009845,-0.1585389843193692,0.0,0.0419769287109375,6.789286061349436,8268,0.12615966796875,0
IMG_8723 resized_448.jpg,151.6714324951172,27.563267276225318,152.0,57.0,248.0,105.0,196.0,-0.10358408279693698,-0.23346720769002083,0.0,0.0327606201171875,6.825061673935376,10341,0.1577911376953125,0
IMG_8724 resized_448.jpg,150.44308471679688,27.31339825121444,151.0,53.0,250.0,104.0,194.0,-0.09115480672899626,-0.1850296511943812,0.0,0.028656005859375,6.813839112769889,9526,0.145355224609375,0
IMG_8725 resized_448.jpg,149.8679962158203,27.213089339011706,150.0,54.0,248.0,104.0,194.0,-0.10098243637969179,-0.12438833917857472,0.0,0.0271148681640625,6.808801451071383,8678,0.132415771484375,0
IMG_8726 resized_448.jpg,150.9228973388672,27.481138495817927,151.0,48.0,253.0,105.0,195.0,-0.09567290395907752,-0.1273656377866823,3.0517578125e-05,0.031585693359375,6.823121926040223,10873,0.1659088134765625,0
IMG_8727 resized_448.jpg,149.45175170898438,27.60146062521661,150.0,48.0,251.0,103.0,194.0,-0.12380707281916416,-0.12629526354679577,1.52587890625e-05,0.0276336669921875,6.8280312329836415,10841,0.1654205322265625,0
IMG_8728 resized_448.jpg,150.3992462158203,27.411967005320044,151.0,48.0,250.0,104.0,195.0,-0.11829080910392588,-0.09827243327000401,1.52587890625e-05,0.0293121337890625,6.819317732892383,10976,0.16748046875,0
IMG_8729 resized_448.jpg,151.72454833984375,27.271016420148246,152.0,50.0,252.0,106.0,196.0,-0.09268601482911039,-0.12194435247639834,0.0,0.033203125,6.812117609627153,11153,0.1701812744140625,0
IMG_8730 resized_448.jpg,151.93560791015625,26.752044390090834,152.0,53.0,246.0,107.0,195.0,-0.0974979682588986,-0.11027023689114479,0.0,0.031341552734375,6.784859764152019,9309,0.1420440673828125,0
IMG_8731 resized_448.jpg,151.84486389160156,26.91105291227828,152.0,53.0,244.0,107.0,195.0,-0.10275907799595002,-0.09590612553478772,0.0,0.031829833984375,6.792680643025891,9426,0.143829345703125,0
IMG_8747 resized_448.jpg,162.48480224609375,26.813288426908855,165.0,64.0,253.0,113.0,204.0,-0.2768485302945663,0.28940156911578496,0.0,0.0657958984375,6.763164315487998,3528,0.0538330078125,0
IMG_8748 resized_448.jpg,147.9982147216797,26.082179201248188,145.0,30.0,253.0,111.0,195.0,0.48661852259416083,0.9202741041832141,0.0002899169921875,0.0380706787109375,6.701302604190857,12304,0.187744140625,0
IMG_8749 resized_448.jpg,156.03062438964844,22.835811056639354,153.0,68.0,253.0,124.0,200.0,0.6881529936549834,0.6750980306091372,0.0,0.0481414794921875,6.492097435218453,9956,0.15191650390625,0
IMG_8750 resized_448.jpg,159.4244384765625,22.23144711654257,156.0,84.0,253.0,129.0,202.0,0.7992000189739326,0.8714531250218944,0.0,0.0552825927734375,6.437709128688882,9523,0.1453094482421875,0
IMG_8751 resized_448.jpg,157.25437927246094,21.582105925757688,155.0,65.0,253.0,127.0,198.0,0.7412090902865262,1.2128127808200855,0.0,0.0435333251953125,6.405665181964485,8083,0.1233367919921875,0
IMG_8752 resized_448.jpg,156.0674285888672,23.112716805188626,154.0,40.0,253.0,123.0,199.0,0.6344947143515123,0.837508044362131,1.52587890625e-05,0.0464019775390625,6.519980159758767,7732,0.11798095703125,0
IMG_8753 resized_448.jpg,158.1563262939453,25.223097396830877,156.0,57.0,255.0,122.0,206.0,0.6247272701224883,0.832367683858739,0.0,0.0645904541015625,6.645000463485523,13930,0.212554931640625,0
IMG_8754 resized_448.jpg,162.08607482910156,22.883442456456912,159.0,48.0,253.0,130.0,206.0,0.6836616207506298,1.0060759353786501,1.52587890625e-05,0.0657501220703125,6.493850907525021,12325,0.1880645751953125,0
IMG_8755 resized_448.jpg,149.6369171142578,25.45964460591865,147.0,46.0,253.0,114.0,198.0,0.7247707259419843,0.9876050106603564,3.0517578125e-05,0.0446319580078125,6.644936248892502,13431,0.2049407958984375,0
IMG_8756 resized_448.jpg,150.9429473876953,25.50018839457091,147.0,56.0,253.0,117.0,201.0,0.8401799023757368,1.131705689849678,0.0,0.050201416015625,6.62534999976735,14175,0.2162933349609375,0
IMG_8757 resized_448.jpg,150.33851623535156,26.087873302417233,147.0,49.0,253.0,115.0,202.0,0.8627081504546301,1.2476320187803092,1.52587890625e-05,0.0536956787109375,6.646664973448228,14761,0.2252349853515625,0
IMG_8758 resized_448.jpg,155.27645874023438,23.729184031757075,152.0,62.0,253.0,122.0,201.0,0.7879008380383762,1.1510046253557826,0.0,0.05157470703125,6.532201354235889,13340,0.20355224609375,0
IMG_8759 resized_448.jpg,169.06170654296875,18.784407093941354,167.0,92.0,252.0,142.0,204.0,0.5677590973467567,0.7898036050093546,0.0,0.063201904296875,6.231055766682058,2805,0.0428009033203125,0
IMG_8760 resized_448.jpg,169.44056701660156,18.350782775202585,168.0,93.0,253.0,143.0,203.0,0.5829507510883295,0.9942072351188189,0.0,0.0601654052734375,6.195041867407623,3623,0.0552825927734375,0
IMG_8761 resized_448.jpg,168.9108123779297,19.221818264647187,166.0,84.0,253.0,143.0,206.0,0.783777420294894,0.9734048251104079,0.0,0.0710906982421875,6.221363915011989,2815,0.0429534912109375,0
IMG_8762 resized_448.jpg,166.08029174804688,19.21325644968107,163.0,100.0,252.0,141.0,203.0,0.8615243373606605,1.0291868989825472,0.0,0.0599517822265625,6.209502415478823,3105,0.0473785400390625,0
IMG_8763 resized_448.jpg,173.47352600097656,18.88690661570042,171.0,101.0,252.0,147.0,209.0,0.6999007678611704,0.7443448060477973,0.0,0.090606689453125,6.2168253086590095,2899,0.0442352294921875,0
IMG_8764 resized_448.jpg,174.61227416992188,17.0115971609899,173.0,103.0,252.0,151.0,207.0,0.7058326600517124,1.022788073653345,0.0,0.0780487060546875,6.0680587114790425,2717,0.0414581298828125,0
IMG_8765 resized_448.jpg,170.5117645263672,16.880903973690693,168.0,108.0,253.0,148.0,203.0,0.8536177483743004,1.309447054562761,0.0,0.058074951171875,6.033229613213521,2627,0.0400848388671875,0
IMG_8766 resized_448.jpg,172.89320373535156,18.09775933699449,170.0,108.0,253.0,149.0,207.0,0.9349999581729553,1.4697072580975972,0.0,0.077545166015625,6.118023506932488,2425,0.0370025634765625,0
IMG_8767 resized_448.jpg,169.93673706054688,18.843350670719644,167.0,108.0,252.0,145.0,206.0,0.9090914800114742,1.3416957484520653,0.0,0.07135009765625,6.169988011315864,2538,0.038726806640625,0
IMG_8768 resized_448.jpg,133.52117919921875,29.171518425212906,130.0,40.0,253.0,92.0,188.0,0.669166821707163,0.8424509757860674,0.000274658203125,0.026580810546875,6.852677839646329,16887,0.2576751708984375,0
IMG_8769 resized_448.jpg,131.6658477783203,28.10449431524428,126.0,49.0,254.0,95.0,187.0,0.9880919487331667,1.1718823570052592,1.52587890625e-05,0.0273590087890625,6.728520758959539,16527,0.2521820068359375,0
IMG_8770 resized_448.jpg,142.9494171142578,26.33456469074003,139.0,46.0,254.0,106.0,193.0,0.7830443015062426,1.01621764111517,1.52587890625e-05,0.0352935791015625,6.686371341953678,14557,0.2221221923828125,0
IMG_8771 resized_448.jpg,151.47256469726562,25.374469821844766,148.0,68.0,254.0,116.0,199.0,0.7135343491271326,0.6357836146352027,0.0,0.04644775390625,6.644181498065164,14597,0.2227325439453125,0
IMG_8772 resized_448.jpg,158.36380004882812,27.74221672789681,156.0,69.0,254.0,117.0,208.0,0.38161206011729804,-0.053832546853841645,0.0,0.077728271484375,6.814327625948708,15007,0.2289886474609375,0
IMG_8773 resized_448.jpg,168.75482177734375,26.810743289852475,166.0,69.0,254.0,129.0,216.0,0.285700219056361,-0.22222034623298637,0.0,0.1323394775390625,6.7684766592948264,13547,0.2067108154296875,0
IMG_8774 resized_448.jpg,168.06512451171875,20.299618830586795,166.0,97.0,253.0,137.0,205.0,0.4490677838127587,0.4137944014087518,0.0,0.067291259765625,6.36281608343786,2854,0.043548583984375,0
IMG_8775 resized_448.jpg,170.86253356933594,19.199317127214158,169.0,100.0,253.0,142.0,205.0,0.4271523795864448,0.6237844587402646,0.0,0.07220458984375,6.280781325912953,3468,0.05291748046875,0
IMG_8776 resized_448.jpg,169.53323364257812,21.90303157120895,167.0,58.0,253.0,139.0,210.0,0.48801750142195305,0.8873448981367233,0.0,0.08990478515625,6.43937868488988,9019,0.1376190185546875,0
IMG_8777 resized_448.jpg,166.98825073242188,19.343804015767283,167.0,58.0,252.0,135.0,198.0,0.0168320723737631,1.0190663096657415,0.0,0.0404205322265625,6.2965492542394355,3012,0.04595947265625,0
IMG_8778 resized_448.jpg,165.17950439453125,18.88359159668289,165.0,82.0,253.0,135.0,197.0,0.27410463862069,0.8335936459837354,0.0,0.03765869140625,6.2647184076183455,3275,0.0499725341796875,0
IMG_8779 resized_448.jpg,129.55825805664062,17.78670760222255,129.0,49.0,246.0,103.0,159.0,0.7479911419761157,2.7710776161394586,1.52587890625e-05,0.0040740966796875,6.1257614634058974,1774,0.027069091796875,0
IMG_8781 resized_448.jpg,171.8346405029297,19.051267422195355,171.0,84.0,252.0,143.0,205.0,0.33588924589552926,0.6041598395433079,0.0,0.067535400390625,6.277812656693669,1947,0.0297088623046875,0
IMG_8784 resized_448.jpg,151.5989227294922,31.530160829439303,148.0,60.0,254.0,106.0,210.0,0.4553800705269725,-0.14322417193353765,0.0,0.0817413330078125,6.98077778470178,17236,0.26300048828125,0
IMG_8785 resized_448.jpg,156.6489715576172,27.846615858132775,154.0,57.0,253.0,115.0,207.0,0.3598501331303482,0.20259392878276916,0.0,0.0726165771484375,6.8207559776854545,14489,0.2210845947265625,0
IMG_8786 resized_448.jpg,155.84815979003906,26.879181303451247,155.0,39.0,254.0,113.0,202.0,0.13178360092621574,0.6093597779973621,0.00018310546875,0.055328369140625,6.775117744003525,12360,0.1885986328125,0
IMG_8787 resized_448.jpg,159.5196533203125,16.78794306781425,159.0,88.0,251.0,133.0,188.0,0.3679460319959733,0.8701732374198334,0.0,0.0166168212890625,6.092681397479713,975,0.0148773193359375,0
IMG_8788 resized_448.jpg,160.825927734375,17.044900360216236,160.0,96.0,248.0,135.0,190.0,0.48126158845857403,0.9886976758504815,0.0,0.0214691162109375,6.106271124498518,1093,0.0166778564453125,0
IMG_8789 resized_448.jpg,167.4185028076172,17.57519711878858,167.0,82.0,246.0,140.0,197.0,0.2626461034231955,0.6751570440011037,0.0,0.03656005859375,6.164486680542964,1302,0.019866943359375,0
IMG_8790 resized_448.jpg,172.88107299804688,17.21405223662679,173.0,93.0,248.0,145.0,201.0,0.06493610896529076,0.5032723358955207,0.0,0.0516815185546875,6.14067142802991,833,0.0127105712890625,0
IMG_8791 resized_448.jpg,172.1877899169922,17.495121682245262,172.0,95.0,250.0,144.0,201.0,0.12939787135017994,0.7070671990471236,0.0,0.0530548095703125,6.160239883502317,1382,0.021087646484375,0
IMG_8792 resized_448.jpg,167.81324768066406,17.741361568785713,168.0,88.0,249.0,139.0,197.0,0.20109671707065335,0.5973578056935716,0.0,0.03759765625,6.1814616103705635,1854,0.028289794921875,0
IMG_8793 resized_448.jpg,169.98727416992188,19.312141049367643,171.0,80.0,251.0,136.0,201.0,-0.012142460869383628,0.29858366591541063,0.0,0.0538330078125,6.303708697586533,2162,0.032989501953125,0
IMG_8794 resized_448.jpg,177.32077026367188,14.349473539533497,177.0,78.0,250.0,155.0,202.0,0.22916702762995342,1.3487599722885628,0.0,0.05645751953125,5.860001574203012,206,0.003143310546875,0
IMG_8795 resized_448.jpg,180.84609985351562,13.84369916747122,180.0,100.0,251.0,160.0,204.0,0.3031393220121823,1.4654531626782124,0.0,0.0746002197265625,5.799380762978725,287,0.0043792724609375,0
IMG_8796 resized_448.jpg,169.9318389892578,14.615749217702755,169.0,92.0,247.0,148.0,196.0,0.5407290384391518,1.1166642973502316,0.0,0.03125,5.876286116799326,231,0.0035247802734375,0
IMG_8798 resized_448.jpg,169.03648376464844,16.900165591955098,169.0,96.0,244.0,142.0,197.0,0.06313452269676122,-0.012634639332637754,0.0,0.0299224853515625,6.122254925528849,31,0.0004730224609375,0
IMG_8799 resized_448.jpg,162.83140563964844,17.176082944935555,162.0,89.0,252.0,136.0,192.0,0.14740521944150925,0.2850651020762629,0.0,0.0177154541015625,6.142851057844099,0,0.0,0
IMG_8800 resized_448.jpg,161.72463989257812,17.234284183654374,161.0,95.0,249.0,135.0,191.0,0.17978071008849136,0.2737391414690835,0.0,0.0158843994140625,6.146379735871398,42,0.000640869140625,0
IMG_8801 resized_448.jpg,166.10487365722656,16.346468559078257,165.0,97.0,245.0,141.0,194.0,0.3283675997777514,0.35872338513251023,0.0,0.0243377685546875,6.060947525563141,150,0.002288818359375,0
IMG_8802 resized_448.jpg,167.458984375,16.859352260287896,167.0,99.0,247.0,141.0,196.0,0.22879725879558224,0.44244811386143823,0.0,0.0321807861328125,6.110650393851899,90,0.001373291015625,0
IMG_8803 resized_448.jpg,164.57769775390625,16.711795959496705,164.0,90.0,247.0,138.0,193.0,0.11586986730970852,0.42261908909189927,0.0,0.0204315185546875,6.101928112573526,33,0.0005035400390625,0
IMG_8804 resized_448.jpg,165.43931579589844,16.326987970148462,164.0,99.0,248.0,140.0,194.0,0.346742622905921,0.6299216069312621,0.0,0.0240325927734375,6.05711832587191,112,0.001708984375,0
IMG_8805 resized_448.jpg,172.94949340820312,15.989531345802597,172.0,109.0,248.0,147.0,200.0,0.19246016000847385,0.45624067112604383,0.0,0.0459747314453125,6.036676622392122,29,0.0004425048828125,0
IMG_8806 resized_448.jpg,171.9663848876953,16.101009505903214,172.0,82.0,246.0,146.0,198.0,0.05883979317246786,0.3500821465726798,0.0,0.03582763671875,6.050312737623319,11,0.0001678466796875,0
IMG_8807 resized_448.jpg,170.9273223876953,16.714410960622217,171.0,84.0,253.0,144.75,198.0,0.16775071646844236,0.25991464973048917,0.0,0.03875732421875,6.102340918866969,84,0.00128173828125,0
IMG_8808 resized_448.jpg,170.0876922607422,17.74773426158801,170.0,87.0,244.0,141.0,198.0,-0.1047600917041252,0.40280269900889243,0.0,0.0381927490234375,6.189886474062355,116,0.00177001953125,0
IMG_8809 resized_448.jpg,166.37428283691406,16.625033140814693,166.0,90.0,251.0,139.0,193.0,0.02546046909066224,0.22936125930089313,0.0,0.0202178955078125,6.098904117811698,0,0.0,0
IMG_8810 resized_448.jpg,163.8896484375,17.03308742305869,164.0,91.0,242.0,136.0,192.0,0.038861568750758094,0.1813048951527132,0.0,0.0163726806640625,6.134321168032873,0,0.0,0
IMG_8811 resized_448.jpg,165.595703125,17.396384163851934,165.0,90.0,242.0,137.0,194.0,0.0604226090498689,0.17987842254232378,0.0,0.0230255126953125,6.1641099905484165,59,0.0009002685546875,0
IMG_8812 resized_448.jpg,173.9070587158203,17.17101877354416,174.0,102.0,249.0,146.0,202.0,0.061166781258059355,0.12480919801982937,0.0,0.0601806640625,6.1461280749011005,33,0.0005035400390625,0
IMG_8813 resized_448.jpg,172.43251037597656,16.684752731614044,173.0,98.0,249.0,145.0,199.0,-0.058186785182368694,0.1782000412562974,0.0,0.0430450439453125,6.104512186055468,27,0.0004119873046875,0
IMG_8814 resized_448.jpg,173.61093139648438,16.240273497936357,173.0,106.0,252.0,148.0,201.0,0.15434569283246186,0.16446877281494388,0.0,0.0513153076171875,6.063318245390242,50,0.000762939453125,0
IMG_8815 resized_448.jpg,160.72418212890625,16.36193061282618,161.0,87.0,245.0,134.0,188.0,0.13314235017010087,0.582492599267213,0.0,0.0123291015625,6.069766156938803,179,0.0027313232421875,0
IMG_8816 resized_448.jpg,160.594970703125,16.28188583208781,160.0,86.0,249.0,134.0,188.0,0.1991152976436206,0.7204940483451137,0.0,0.012847900390625,6.059187857167052,273,0.0041656494140625,0
IMG_8817 resized_448.jpg,161.09027099609375,16.179374373020188,161.0,81.0,249.0,135.0,188.0,0.1365580046762967,0.7506476533505184,0.0,0.012725830078125,6.049989373347349,194,0.002960205078125,0
IMG_8818 resized_448.jpg,174.16204833984375,14.938034774148804,174.0,104.0,252.0,151.0,199.0,0.19721708296037077,0.794405139603005,0.0,0.04248046875,5.932926839343632,374,0.005706787109375,0
IMG_8819 resized_448.jpg,177.08506774902344,15.366633797108697,177.0,109.0,252.0,153.0,203.0,0.2601455747136171,0.709651221669982,0.0,0.0659942626953125,5.972838910522048,614,0.009368896484375,0
IMG_8820 resized_448.jpg,170.07180786132812,15.716230767872437,170.0,83.0,248.0,145.0,196.0,0.15872323817432374,0.8187484038284158,0.0,0.03271484375,6.0050117462609265,486,0.007415771484375,0
IMG_8821 resized_448.jpg,170.13734436035156,15.916881559600288,170.0,99.0,247.0,145.0,197.0,0.15597032438380995,0.7538834639202001,0.0,0.0344085693359375,6.024318936974323,320,0.0048828125,0
IMG_8822 resized_448.jpg,170.8505859375,15.647263892849079,170.0,98.0,249.0,146.0,197.0,0.23821967208104844,0.7710472275995803,0.0,0.03558349609375,5.998322453006386,430,0.006561279296875,0
IMG_8823 resized_448.jpg,170.7473907470703,16.155550644193223,170.0,90.0,253.0,145.0,198.0,0.19611206071899145,0.7635407316121179,0.0,0.03851318359375,6.0455155256777,319,0.0048675537109375,0
IMG_8824 resized_448.jpg,167.04212951660156,15.504860727621274,167.0,96.0,246.0,142.0,193.0,0.19926432399782978,0.7475798047279638,0.0,0.022674560546875,5.986366978500424,247,0.0037689208984375,0
IMG_8825 resized_448.jpg,165.08486938476562,15.709127019005487,165.0,84.0,249.0,140.0,191.0,0.1945726686865789,0.8018944204644312,0.0,0.019195556640625,6.00464579082936,294,0.004486083984375,0
