setup,model,accuracy,precision,recall,f1,train_time_s,predict_time_s,n_features,vectorize_fit_s,vectorize_test_s,matrix_nnz,matrix_MB
baseline,Count+MultinomialNB,0.9420289855072463,0.8680981595092024,0.9433333333333334,0.9041533546325878,0.007022099976893514,0.0020219000289216638,2974,2.2883628999697976,0.5144187999540009,605497,7.265964
baseline,Count+LogReg,0.9806763285024155,0.9545454545454546,0.98,0.9671052631578947,0.6668552000191994,0.001578899973537773,2974,2.2883628999697976,0.5144187999540009,605497,7.265964
baseline,Count+LinearSVC,0.970048309178744,0.9381107491856677,0.96,0.9489291598023064,2.6391491999966092,0.0020880000083707273,2974,2.2883628999697976,0.5144187999540009,605497,7.265964
baseline,TFIDF+MultinomialNB,0.9458937198067633,0.8765432098765432,0.9466666666666667,0.9102564102564102,0.009394299995619804,0.001889800012577325,2974,2.338754999975208,0.601066000002902,605497,7.265964
baseline,TFIDF+LogReg,0.9768115942028985,0.9509803921568627,0.97,0.9603960396039604,0.08818150003207847,0.000984199985396117,2974,2.338754999975208,0.601066000002902,605497,7.265964
baseline,TFIDF+LinearSVC,0.9845410628019323,0.9671052631578947,0.98,0.9735099337748344,0.08857669995632023,0.000957300013396889,2974,2.338754999975208,0.601066000002902,605497,7.265964
stop+min_df3+2000,Count+MultinomialNB,0.9381642512077295,0.8597560975609756,0.94,0.8980891719745223,0.00443440000526607,0.0009556000004522502,2000,1.91012930002762,0.49559189996216446,423592,5.083104
stop+min_df3+2000,Count+LogReg,0.9719806763285024,0.9385113268608414,0.9666666666666667,0.9523809523809523,0.32994460000190884,0.0008249999955296516,2000,1.91012930002762,0.49559189996216446,423592,5.083104
stop+min_df3+2000,Count+LinearSVC,0.966183574879227,0.9206349206349206,0.9666666666666667,0.943089430894309,1.9356430000043474,0.0005640999879688025,2000,1.91012930002762,0.49559189996216446,423592,5.083104
stop+min_df3+2000,TFIDF+MultinomialNB,0.9391304347826087,0.8475073313782991,0.9633333333333334,0.9017160686427457,0.005337699956726283,0.0016300000133924186,2000,2.0654416999896057,0.557881599990651,423592,5.083104
stop+min_df3+2000,TFIDF+LogReg,0.9855072463768116,0.9672131147540983,0.9833333333333333,0.9752066115702479,0.06096710002748296,0.0005233999690972269,2000,2.0654416999896057,0.557881599990651,423592,5.083104
stop+min_df3+2000,TFIDF+LinearSVC,0.9855072463768116,0.9702970297029703,0.98,0.9751243781094527,0.06296939996536821,0.0008417000062763691,2000,2.0654416999896057,0.557881599990651,423592,5.083104
stop+min_df3+1000,Count+MultinomialNB,0.9333333333333333,0.8532110091743119,0.93,0.8899521531100478,0.004127899999730289,0.0006575000006705523,1000,2.037128299998585,0.4253368999925442,378068,4.536816
stop+min_df3+1000,Count+LogReg,0.970048309178744,0.9352750809061489,0.9633333333333334,0.9490968801313628,0.2931108000339009,0.0008712999988347292,1000,2.037128299998585,0.4253368999925442,378068,4.536816
stop+min_df3+1000,Count+LinearSVC,0.9603864734299516,0.9218241042345277,0.9433333333333334,0.9324546952224053,1.3015088000101969,0.0005738000036217272,1000,2.037128299998585,0.4253368999925442,378068,4.536816
stop+min_df3+1000,TFIDF+MultinomialNB,0.9323671497584541,0.8402366863905325,0.9466666666666667,0.890282131661442,0.0035587999736890197,0.0006240000366233289,1000,1.6242961000534706,0.39783500001067296,378068,4.536816
stop+min_df3+1000,TFIDF+LogReg,0.9777777777777777,0.9396825396825397,0.9866666666666667,0.9626016260162602,0.029142300016246736,0.00040199997602030635,1000,1.6242961000534706,0.39783500001067296,378068,4.536816
stop+min_df3+1000,TFIDF+LinearSVC,0.9806763285024155,0.9635761589403974,0.97,0.9667774086378738,0.032723399985115975,0.00048510002670809627,1000,1.6242961000534706,0.39783500001067296,378068,4.536816
